action_type,activity_comment,activity_id,activity_properties,assay_chembl_id,assay_description,assay_type,assay_variant_accession,assay_variant_mutation,bao_endpoint,bao_format,bao_label,canonical_smiles,data_validity_comment,data_validity_description,document_chembl_id,document_journal,document_year,ligand_efficiency,molecule_chembl_id,molecule_pref_name,parent_molecule_chembl_id,pchembl_value,potential_duplicate,qudt_units,record_id,relation,src_id,standard_flag,standard_relation,standard_text_value,standard_type,standard_units,standard_upper_value,standard_value,target_chembl_id,target_organism,target_pref_name,target_tax_id,text_value,toid,type,units,uo_units,upper_value,value,label,target,inchikey
,,13394011.0,[],CHEMBL2410097,Inhibition of recombinant HDAC3-NCoR1 (unknown origin) using MAL as substrate incubated for 3 hrs prior to substrate addition measured after 60 mins by fluorescence plate reader analysis,B,,,BAO_0000190,BAO_0000223,protein complex format,Nc1ccccc1NC(=O)c1ccc(CNc2nccc(-c3cccnc3)n2)cc1,,,CHEMBL2407081,J Med Chem,2013.0,"{'bei': '19.32', 'le': '0.35', 'lle': '3.67', 'sei': '7.24'}",CHEMBL272980,MOCETINOSTAT,CHEMBL272980,7.66,0.0,http://www.openphacts.org/units/Nanomolar,1907990.0,=,1.0,1.0,=,,IC50,nM,,22.0,CHEMBL3038484,Homo sapiens,Histone deacetylase 3/NCoR1,9606,,,IC50,uM,UO_0000065,,0.022,1,,HRNLUBSXIHFDHP-UHFFFAOYSA-N
,,13394972.0,[],CHEMBL2410097,Inhibition of recombinant HDAC3-NCoR1 (unknown origin) using MAL as substrate incubated for 3 hrs prior to substrate addition measured after 60 mins by fluorescence plate reader analysis,B,,,BAO_0000190,BAO_0000223,protein complex format,Nc1ccccc1NC(=O)c1ccc(CNC2=N[C@@H](c3ccccc3)[C@H](c3ccccc3)S2)cc1,,,CHEMBL2407081,J Med Chem,2013.0,"{'bei': '13.40', 'le': '0.25', 'lle': '0.21', 'sei': '8.06'}",CHEMBL2407725,,CHEMBL2407725,6.41,0.0,http://www.openphacts.org/units/Nanomolar,1908000.0,=,1.0,1.0,=,,IC50,nM,,388.0,CHEMBL3038484,Homo sapiens,Histone deacetylase 3/NCoR1,9606,,,IC50,uM,UO_0000065,,0.388,1,,ATSHIQNIJWBDQY-SVBPBHIXSA-N
,,13394973.0,[],CHEMBL2410097,Inhibition of recombinant HDAC3-NCoR1 (unknown origin) using MAL as substrate incubated for 3 hrs prior to substrate addition measured after 60 mins by fluorescence plate reader analysis,B,,,BAO_0000190,BAO_0000223,protein complex format,Nc1ccccc1NC(=O)c1ccc(CNC2=N[C@H](c3ccccc3)[C@@H](c3ccccc3)S2)cc1,,,CHEMBL2407081,J Med Chem,2013.0,"{'bei': '13.67', 'le': '0.26', 'lle': '0.34', 'sei': '8.23'}",CHEMBL2407724,,CHEMBL2407724,6.54,0.0,http://www.openphacts.org/units/Nanomolar,1907999.0,=,1.0,1.0,=,,IC50,nM,,287.0,CHEMBL3038484,Homo sapiens,Histone deacetylase 3/NCoR1,9606,,,IC50,uM,UO_0000065,,0.287,1,,ATSHIQNIJWBDQY-KAYWLYCHSA-N
,,13394974.0,[],CHEMBL2410097,Inhibition of recombinant HDAC3-NCoR1 (unknown origin) using MAL as substrate incubated for 3 hrs prior to substrate addition measured after 60 mins by fluorescence plate reader analysis,B,,,BAO_0000190,BAO_0000223,protein complex format,Nc1ccccc1NC(=O)c1ccc(CNC2=NC[C@H](c3ccccc3)S2)cc1,,,CHEMBL2407081,J Med Chem,2013.0,"{'bei': '19.68', 'le': '0.37', 'lle': '3.47', 'sei': '9.96'}",CHEMBL2407723,,CHEMBL2407723,7.92,0.0,http://www.openphacts.org/units/Nanomolar,1907998.0,=,1.0,1.0,=,,IC50,nM,,12.0,CHEMBL3038484,Homo sapiens,Histone deacetylase 3/NCoR1,9606,,,IC50,uM,UO_0000065,,0.012,1,,YPQXVNKTJNZZFB-OAQYLSRUSA-N
,,13394975.0,[],CHEMBL2410097,Inhibition of recombinant HDAC3-NCoR1 (unknown origin) using MAL as substrate incubated for 3 hrs prior to substrate addition measured after 60 mins by fluorescence plate reader analysis,B,,,BAO_0000190,BAO_0000223,protein complex format,Nc1ccccc1NC(=O)c1ccc(CNC2=NC[C@@H](c3ccccc3)S2)cc1,,,CHEMBL2407081,J Med Chem,2013.0,"{'bei': '18.98', 'le': '0.36', 'lle': '3.19', 'sei': '9.61'}",CHEMBL2407722,,CHEMBL2407722,7.64,0.0,http://www.openphacts.org/units/Nanomolar,1907997.0,=,1.0,1.0,=,,IC50,nM,,23.0,CHEMBL3038484,Homo sapiens,Histone deacetylase 3/NCoR1,9606,,,IC50,uM,UO_0000065,,0.023,1,,YPQXVNKTJNZZFB-NRFANRHFSA-N
,,13394976.0,[],CHEMBL2410097,Inhibition of recombinant HDAC3-NCoR1 (unknown origin) using MAL as substrate incubated for 3 hrs prior to substrate addition measured after 60 mins by fluorescence plate reader analysis,B,,,BAO_0000190,BAO_0000223,protein complex format,Nc1ccccc1NC(=O)c1ccc(CNC2=N[C@H](Cc3ccccc3)CS2)cc1,,,CHEMBL2407081,J Med Chem,2013.0,"{'bei': '17.87', 'le': '0.34', 'lle': '3.12', 'sei': '9.36'}",CHEMBL2407721,,CHEMBL2407721,7.44,0.0,http://www.openphacts.org/units/Nanomolar,1907996.0,=,1.0,1.0,=,,IC50,nM,,36.0,CHEMBL3038484,Homo sapiens,Histone deacetylase 3/NCoR1,9606,,,IC50,uM,UO_0000065,,0.036,1,,HCPJONOCDRERJJ-HXUWFJFHSA-N
,,13394977.0,[],CHEMBL2410097,Inhibition of recombinant HDAC3-NCoR1 (unknown origin) using MAL as substrate incubated for 3 hrs prior to substrate addition measured after 60 mins by fluorescence plate reader analysis,B,,,BAO_0000190,BAO_0000223,protein complex format,Nc1ccccc1NC(=O)c1ccc(CNC2=N[C@@H](Cc3ccccc3)CS2)cc1,,,CHEMBL2407081,J Med Chem,2013.0,"{'bei': '17.49', 'le': '0.33', 'lle': '2.96', 'sei': '9.16'}",CHEMBL2407720,,CHEMBL2407720,7.28,0.0,http://www.openphacts.org/units/Nanomolar,1907995.0,=,1.0,1.0,=,,IC50,nM,,52.0,CHEMBL3038484,Homo sapiens,Histone deacetylase 3/NCoR1,9606,,,IC50,uM,UO_0000065,,0.052,1,,HCPJONOCDRERJJ-FQEVSTJZSA-N
,,13394978.0,[],CHEMBL2410097,Inhibition of recombinant HDAC3-NCoR1 (unknown origin) using MAL as substrate incubated for 3 hrs prior to substrate addition measured after 60 mins by fluorescence plate reader analysis,B,,,BAO_0000190,BAO_0000223,protein complex format,Nc1ccccc1NC(=O)c1ccc(CNC2=N[C@@H](c3ccc(O)cc3)CS2)cc1,,,CHEMBL2407081,J Med Chem,2013.0,"{'bei': '18.63', 'le': '0.35', 'lle': '3.64', 'sei': '7.82'}",CHEMBL2407719,,CHEMBL2407719,7.80,0.0,http://www.openphacts.org/units/Nanomolar,1907994.0,=,1.0,1.0,=,,IC50,nM,,16.0,CHEMBL3038484,Homo sapiens,Histone deacetylase 3/NCoR1,9606,,,IC50,uM,UO_0000065,,0.016,1,,FXCUYPUWZLTQGM-OAQYLSRUSA-N
,,13394979.0,[],CHEMBL2410097,Inhibition of recombinant HDAC3-NCoR1 (unknown origin) using MAL as substrate incubated for 3 hrs prior to substrate addition measured after 60 mins by fluorescence plate reader analysis,B,,,BAO_0000190,BAO_0000223,protein complex format,Nc1ccccc1NC(=O)c1ccc(CNC2=N[C@H](c3ccccc3)CS2)cc1,,,CHEMBL2407081,J Med Chem,2013.0,"{'bei': '17.64', 'le': '0.33', 'lle': '2.65', 'sei': '8.93'}",CHEMBL2407718,,CHEMBL2407718,7.10,0.0,http://www.openphacts.org/units/Nanomolar,1907993.0,=,1.0,1.0,=,,IC50,nM,,79.0,CHEMBL3038484,Homo sapiens,Histone deacetylase 3/NCoR1,9606,,,IC50,uM,UO_0000065,,0.079,1,,SMTXKVURUPJKNQ-NRFANRHFSA-N
,,13394980.0,[],CHEMBL2410097,Inhibition of recombinant HDAC3-NCoR1 (unknown origin) using MAL as substrate incubated for 3 hrs prior to substrate addition measured after 60 mins by fluorescence plate reader analysis,B,,,BAO_0000190,BAO_0000223,protein complex format,Nc1ccccc1NC(=O)c1ccc(CNC2=N[C@@H](c3ccccc3)CS2)cc1,,,CHEMBL2407081,J Med Chem,2013.0,"{'bei': '19.68', 'le': '0.37', 'lle': '3.47', 'sei': '9.96'}",CHEMBL2407717,,CHEMBL2407717,7.92,0.0,http://www.openphacts.org/units/Nanomolar,1907992.0,=,1.0,1.0,=,,IC50,nM,,12.0,CHEMBL3038484,Homo sapiens,Histone deacetylase 3/NCoR1,9606,,,IC50,uM,UO_0000065,,0.012,1,,SMTXKVURUPJKNQ-OAQYLSRUSA-N
,,13394981.0,[],CHEMBL2410097,Inhibition of recombinant HDAC3-NCoR1 (unknown origin) using MAL as substrate incubated for 3 hrs prior to substrate addition measured after 60 mins by fluorescence plate reader analysis,B,,,BAO_0000190,BAO_0000223,protein complex format,Nc1ccccc1NC(=O)c1ccc(CSC2=N[C@@H](c3ccccc3)CS2)cc1,,,CHEMBL2407081,J Med Chem,2013.0,"{'bei': '17.16', 'le': '0.34', 'lle': '1.60', 'sei': '10.67'}",CHEMBL2407716,,CHEMBL2407716,7.20,0.0,http://www.openphacts.org/units/Nanomolar,1907991.0,=,1.0,1.0,=,,IC50,nM,,63.0,CHEMBL3038484,Homo sapiens,Histone deacetylase 3/NCoR1,9606,,,IC50,uM,UO_0000065,,0.063,1,,GMJBHVCHBXJWGH-OAQYLSRUSA-N
,,13394982.0,[],CHEMBL2410097,Inhibition of recombinant HDAC3-NCoR1 (unknown origin) using MAL as substrate incubated for 3 hrs prior to substrate addition measured after 60 mins by fluorescence plate reader analysis,B,,,BAO_0000190,BAO_0000223,protein complex format,Nc1ccccc1NC(=O)c1ccc(CSC2=N[C@@H](Cc3ccccc3)CS2)cc1,,,CHEMBL2407081,J Med Chem,2013.0,"{'bei': '14.51', 'le': '0.29', 'lle': '0.82', 'sei': '9.33'}",CHEMBL2407738,,CHEMBL2407738,6.29,0.0,http://www.openphacts.org/units/Nanomolar,1908013.0,=,1.0,1.0,=,,IC50,nM,,509.0,CHEMBL3038484,Homo sapiens,Histone deacetylase 3/NCoR1,9606,,,IC50,uM,UO_0000065,,0.509,1,,WRYXQFHJMFMAQK-FQEVSTJZSA-N
,,13394983.0,[],CHEMBL2410097,Inhibition of recombinant HDAC3-NCoR1 (unknown origin) using MAL as substrate incubated for 3 hrs prior to substrate addition measured after 60 mins by fluorescence plate reader analysis,B,,,BAO_0000190,BAO_0000223,protein complex format,Nc1ccccc1NC(=O)c1ccc(CSC2=N[C@@H](Cc3c[nH]c4ccccc34)CS2)cc1,,,CHEMBL2407081,J Med Chem,2013.0,"{'bei': '12.80', 'le': '0.25', 'lle': '0.10', 'sei': '7.27'}",CHEMBL2407737,,CHEMBL2407737,6.05,0.0,http://www.openphacts.org/units/Nanomolar,1908012.0,=,1.0,1.0,=,,IC50,nM,,890.0,CHEMBL3038484,Homo sapiens,Histone deacetylase 3/NCoR1,9606,,,IC50,uM,UO_0000065,,0.89,1,,CIZCXDIBSSIJRG-FQEVSTJZSA-N
,,13394984.0,[],CHEMBL2410097,Inhibition of recombinant HDAC3-NCoR1 (unknown origin) using MAL as substrate incubated for 3 hrs prior to substrate addition measured after 60 mins by fluorescence plate reader analysis,B,,,BAO_0000190,BAO_0000223,protein complex format,Nc1ccccc1NC(=O)c1ccc(CNC2=NC(=O)C(c3ccccc3)N2)cc1,,,CHEMBL2407081,J Med Chem,2013.0,"{'bei': '19.66', 'le': '0.36', 'lle': '5.01', 'sei': '7.23'}",CHEMBL2407736,,CHEMBL2407736,7.85,0.0,http://www.openphacts.org/units/Nanomolar,1908011.0,=,1.0,1.0,=,,IC50,nM,,14.0,CHEMBL3038484,Homo sapiens,Histone deacetylase 3/NCoR1,9606,,,IC50,uM,UO_0000065,,0.014,1,,HMTJEOJSDFUEKT-UHFFFAOYSA-N
,,13394985.0,[],CHEMBL2410097,Inhibition of recombinant HDAC3-NCoR1 (unknown origin) using MAL as substrate incubated for 3 hrs prior to substrate addition measured after 60 mins by fluorescence plate reader analysis,B,,,BAO_0000190,BAO_0000223,protein complex format,Nc1ccccc1NC(=O)c1ccc(CNC2=NC(=O)C(Cc3ccccc3)N2)cc1,,,CHEMBL2407081,J Med Chem,2013.0,"{'bei': '18.19', 'le': '0.33', 'lle': '4.81', 'sei': '6.93'}",CHEMBL2407735,,CHEMBL2407735,7.52,0.0,http://www.openphacts.org/units/Nanomolar,1908010.0,=,1.0,1.0,=,,IC50,nM,,30.0,CHEMBL3038484,Homo sapiens,Histone deacetylase 3/NCoR1,9606,,,IC50,uM,UO_0000065,,0.03,1,,ZOVGTEFLPRZPLH-UHFFFAOYSA-N
,,13394986.0,[],CHEMBL2410097,Inhibition of recombinant HDAC3-NCoR1 (unknown origin) using MAL as substrate incubated for 3 hrs prior to substrate addition measured after 60 mins by fluorescence plate reader analysis,B,,,BAO_0000190,BAO_0000223,protein complex format,CC(=O)N1C(NCc2ccc(C(=O)Nc3ccccc3N)cc2)=NC(=O)C1Cc1ccccc1,,,CHEMBL2407081,J Med Chem,2013.0,"{'bei': '15.54', 'le': '0.28', 'lle': '4.11', 'sei': '6.06'}",CHEMBL2407734,,CHEMBL2407734,7.08,0.0,http://www.openphacts.org/units/Nanomolar,1908009.0,=,1.0,1.0,=,,IC50,nM,,83.0,CHEMBL3038484,Homo sapiens,Histone deacetylase 3/NCoR1,9606,,,IC50,uM,UO_0000065,,0.083,1,,PBZSSSTWPPXXEK-UHFFFAOYSA-N
,,13394987.0,[],CHEMBL2410097,Inhibition of recombinant HDAC3-NCoR1 (unknown origin) using MAL as substrate incubated for 3 hrs prior to substrate addition measured after 60 mins by fluorescence plate reader analysis,B,,,BAO_0000190,BAO_0000223,protein complex format,Nc1ccccc1NC(=O)c1ccc(CNC2=NC(=O)C(Cc3c[nH]c4ccccc34)N2)cc1,,,CHEMBL2407081,J Med Chem,2013.0,"{'bei': '15.43', 'le': '0.28', 'lle': '3.79', 'sei': '5.61'}",CHEMBL2407733,,CHEMBL2407733,6.98,0.0,http://www.openphacts.org/units/Nanomolar,1908008.0,=,1.0,1.0,=,,IC50,nM,,104.0,CHEMBL3038484,Homo sapiens,Histone deacetylase 3/NCoR1,9606,,,IC50,uM,UO_0000065,,0.104,1,,LOSMQVNNNADUOB-UHFFFAOYSA-N
,,13394988.0,[],CHEMBL2410097,Inhibition of recombinant HDAC3-NCoR1 (unknown origin) using MAL as substrate incubated for 3 hrs prior to substrate addition measured after 60 mins by fluorescence plate reader analysis,B,,,BAO_0000190,BAO_0000223,protein complex format,CC(=O)N1C(NCc2ccc(C(=O)Nc3ccccc3N)cc2)=NC(=O)C1Cc1c[nH]c2ccccc12,,,CHEMBL2407081,J Med Chem,2013.0,"{'bei': '14.47', 'le': '0.26', 'lle': '3.70', 'sei': '5.39'}",CHEMBL2407732,,CHEMBL2407732,7.16,0.0,http://www.openphacts.org/units/Nanomolar,1908007.0,=,1.0,1.0,=,,IC50,nM,,70.0,CHEMBL3038484,Homo sapiens,Histone deacetylase 3/NCoR1,9606,,,IC50,uM,UO_0000065,,0.07,1,,JLIOMTJQMCMPRL-UHFFFAOYSA-N
,,13394989.0,[],CHEMBL2410097,Inhibition of recombinant HDAC3-NCoR1 (unknown origin) using MAL as substrate incubated for 3 hrs prior to substrate addition measured after 60 mins by fluorescence plate reader analysis,B,,,BAO_0000190,BAO_0000223,protein complex format,CC(C)(C)OC(=O)N1C(NCc2ccc(C(=O)Nc3ccccc3N)cc2)=NC(=O)C1Cc1c[nH]c2ccccc12,,,CHEMBL2407081,J Med Chem,2013.0,"{'bei': '13.39', 'le': '0.25', 'lle': '2.56', 'sei': '5.21'}",CHEMBL2407731,,CHEMBL2407731,7.40,0.0,http://www.openphacts.org/units/Nanomolar,1908006.0,=,1.0,1.0,=,,IC50,nM,,40.0,CHEMBL3038484,Homo sapiens,Histone deacetylase 3/NCoR1,9606,,,IC50,uM,UO_0000065,,0.04,1,,AMDUCWJBYRMCNV-UHFFFAOYSA-N
,,13394990.0,[],CHEMBL2410097,Inhibition of recombinant HDAC3-NCoR1 (unknown origin) using MAL as substrate incubated for 3 hrs prior to substrate addition measured after 60 mins by fluorescence plate reader analysis,B,,,BAO_0000190,BAO_0000223,protein complex format,O=C(NO)c1ccc(CNc2nccc(-c3cccnc3)n2)cc1,,,CHEMBL2407081,J Med Chem,2013.0,"{'bei': '23.37', 'le': '0.43', 'lle': '5.24', 'sei': '7.51'}",CHEMBL2407730,,CHEMBL2407730,7.51,0.0,http://www.openphacts.org/units/Nanomolar,1908005.0,=,1.0,1.0,=,,IC50,nM,,31.0,CHEMBL3038484,Homo sapiens,Histone deacetylase 3/NCoR1,9606,,,IC50,uM,UO_0000065,,0.031,1,,DMKHBMNHLWJUQI-UHFFFAOYSA-N
,,13394995.0,[],CHEMBL2410097,Inhibition of recombinant HDAC3-NCoR1 (unknown origin) using MAL as substrate incubated for 3 hrs prior to substrate addition measured after 60 mins by fluorescence plate reader analysis,B,,,BAO_0000190,BAO_0000223,protein complex format,Nc1cc(O)ccc1NC(=O)c1ccc(CNc2nccc(-c3cccnc3)n2)cc1,,,CHEMBL2407081,J Med Chem,2013.0,"{'bei': '14.89', 'le': '0.27', 'lle': '2.45', 'sei': '4.87'}",CHEMBL2407743,,CHEMBL2407743,6.14,0.0,http://www.openphacts.org/units/Nanomolar,1908018.0,=,1.0,1.0,=,,IC50,nM,,719.0,CHEMBL3038484,Homo sapiens,Histone deacetylase 3/NCoR1,9606,,,IC50,uM,UO_0000065,,0.719,1,,LOHHXXUJDXQQPM-UHFFFAOYSA-N
,,13394996.0,[],CHEMBL2410097,Inhibition of recombinant HDAC3-NCoR1 (unknown origin) using MAL as substrate incubated for 3 hrs prior to substrate addition measured after 60 mins by fluorescence plate reader analysis,B,,,BAO_0000190,BAO_0000223,protein complex format,COc1ccc(NC(=O)c2ccc(CNc3nccc(-c4cccnc4)n3)cc2)c(N)c1,,,CHEMBL2407081,J Med Chem,2013.0,"{'bei': '16.31', 'le': '0.30', 'lle': '2.96', 'sei': '6.04'}",CHEMBL2407742,,CHEMBL2407742,6.96,0.0,http://www.openphacts.org/units/Nanomolar,1908017.0,=,1.0,1.0,=,,IC50,nM,,111.0,CHEMBL3038484,Homo sapiens,Histone deacetylase 3/NCoR1,9606,,,IC50,uM,UO_0000065,,0.111,1,,KFRUOFXRWUHHPE-UHFFFAOYSA-N
,,13394997.0,[],CHEMBL2410097,Inhibition of recombinant HDAC3-NCoR1 (unknown origin) using MAL as substrate incubated for 3 hrs prior to substrate addition measured after 60 mins by fluorescence plate reader analysis,B,,,BAO_0000190,BAO_0000223,protein complex format,Nc1cc(Br)ccc1NC(=O)c1ccc(CNc2nccc(-c3cccnc3)n2)cc1,,,CHEMBL2407081,J Med Chem,2013.0,"{'bei': '11.20', 'le': '0.23', 'lle': '0.58', 'sei': '5.03'}",CHEMBL2407741,,CHEMBL2407741,5.33,0.0,http://www.openphacts.org/units/Nanomolar,1908016.0,=,1.0,1.0,=,,IC50,nM,,4720.0,CHEMBL3038484,Homo sapiens,Histone deacetylase 3/NCoR1,9606,,,IC50,uM,UO_0000065,,4.72,1,,HVBRKVJKJHSESN-UHFFFAOYSA-N
,,13394999.0,[],CHEMBL2410097,Inhibition of recombinant HDAC3-NCoR1 (unknown origin) using MAL as substrate incubated for 3 hrs prior to substrate addition measured after 60 mins by fluorescence plate reader analysis,B,,,BAO_0000190,BAO_0000223,protein complex format,Nc1cc2ccccc2cc1NC(=O)c1ccc(CNc2nccc(-c3cccnc3)n2)cc1,,,CHEMBL2407081,J Med Chem,2013.0,"{'bei': '13.89', 'le': '0.25', 'lle': '1.06', 'sei': '5.86'}",CHEMBL2407739,,CHEMBL2407739,6.20,0.0,http://www.openphacts.org/units/Nanomolar,1908014.0,=,1.0,1.0,=,,IC50,nM,,630.0,CHEMBL3038484,Homo sapiens,Histone deacetylase 3/NCoR1,9606,,,IC50,uM,UO_0000065,,0.63,1,,NPMWQFIEKSOOIB-UHFFFAOYSA-N
,,16564232.0,[],CHEMBL3801291,Inhibition of recombinant human HDAC3/NCOR1 complex expressed in insect cells assessed as residual enzyme activity using fluorogenic Ac-LGK-ac-AMC as substrate for 30 mins by fluorescence analysis,B,,,BAO_0000190,BAO_0000219,cell-based format,O=C(CCCCCCC(=O)C(F)(F)F)Nc1ccccc1,,,CHEMBL3797051,Medchemcomm,2016.0,"{'bei': '24.17', 'le': '0.47', 'lle': '3.18', 'sei': '15.78'}",CHEMBL113537,,CHEMBL113537,7.28,0.0,http://www.openphacts.org/units/Nanomolar,2773681.0,=,1.0,1.0,=,,IC50,nM,,52.0,CHEMBL3038484,Homo sapiens,Histone deacetylase 3/NCoR1,9606,,,IC50,nM,UO_0000065,,52.0,1,,KRCXZGYVOZSCSF-UHFFFAOYSA-N
,,18090973.0,[],CHEMBL4019753,Inhibition of human recombinant HDAC3/GST tagged NCOR1 (397 to 503 residues) expressed in insect cells using Ac-Leu-Gly-Lys(Ac)-AMC as substrate preincubated for 5 mins followed by substrate addition measured after 30 mins by fluorescence assay,B,,,BAO_0000190,BAO_0000219,cell-based format,O=C(CCCCCCC(=O)Nc1ccccc1)NO,,,CHEMBL4017517,J Med Chem,2017.0,"{'bei': '27.59', 'le': '0.52', 'lle': '4.82', 'sei': '9.30'}",CHEMBL98,VORINOSTAT,CHEMBL98,7.29,0.0,http://www.openphacts.org/units/Nanomolar,2999669.0,=,1.0,1.0,=,,IC50,nM,,51.0,CHEMBL3038484,Homo sapiens,Histone deacetylase 3/NCoR1,9606,,,IC50,nM,UO_0000065,,51.0,1,,WAEXFXRVDQXREF-UHFFFAOYSA-N
,,18090974.0,[],CHEMBL4019753,Inhibition of human recombinant HDAC3/GST tagged NCOR1 (397 to 503 residues) expressed in insect cells using Ac-Leu-Gly-Lys(Ac)-AMC as substrate preincubated for 5 mins followed by substrate addition measured after 30 mins by fluorescence assay,B,,,BAO_0000190,BAO_0000219,cell-based format,Nc1ccccc1NC(=O)c1ccc(Cn2cc(-c3ccc(C(=O)NCc4cccnc4)cc3)nn2)cc1,,,CHEMBL4017517,J Med Chem,2017.0,"{'bei': '11.38', 'le': '0.21', 'lle': '1.58', 'sei': '4.48'}",CHEMBL4065412,,CHEMBL4065412,5.73,0.0,http://www.openphacts.org/units/Nanomolar,2999676.0,=,1.0,1.0,=,,IC50,nM,,1867.0,CHEMBL3038484,Homo sapiens,Histone deacetylase 3/NCoR1,9606,,,IC50,nM,UO_0000065,,1867.0,1,,LSGNVZAEAAZOEH-UHFFFAOYSA-N
,,18168758.0,[],CHEMBL4037055,Inhibition of human recombinant HDAC3/NCOR1 co-expressed in insect cells by fluorescence assay,B,,,BAO_0000190,BAO_0000219,cell-based format,Nc1ccccc1NC(=O)c1ccc(-c2cn(CCc3cccc([N+](=O)[O-])c3)nn2)s1,,,CHEMBL4033774,J Med Chem,2018.0,"{'bei': '15.16', 'le': '0.29', 'lle': '2.60', 'sei': '5.11'}",CHEMBL3622375,,CHEMBL3622375,6.58,0.0,http://www.openphacts.org/units/Nanomolar,3014215.0,=,1.0,1.0,=,,IC50,nM,,260.0,CHEMBL3038484,Homo sapiens,Histone deacetylase 3/NCoR1,9606,,,IC50,nM,UO_0000065,,260.0,1,,AXAUXMXVFLCQQK-UHFFFAOYSA-N
,,18375347.0,[],CHEMBL4144349,Inhibition of human recombinant HDAC3/GST-tagged NCOR1 DAD (397 to 503 residues) expressed in baculovirus expression system after 30 mins by fluorescence assay,B,,,BAO_0000190,BAO_0000019,assay format,O=C(CCCCCCN(Cc1ccc(F)cc1)c1ncc(C(=O)NCCCn2ccnc2)s1)NO,,,CHEMBL4138269,ACS Med Chem Lett,2018.0,"{'bei': '16.69', 'le': '0.33', 'lle': '4.63', 'sei': '7.46'}",CHEMBL4163681,,CHEMBL4163681,8.39,0.0,http://www.openphacts.org/units/Nanomolar,3049931.0,=,1.0,1.0,=,,IC50,nM,,4.1,CHEMBL3038484,Homo sapiens,Histone deacetylase 3/NCoR1,9606,,,IC50,nM,UO_0000065,,4.1,1,,WSTLKKSKCYMNAA-UHFFFAOYSA-N
,,18375348.0,[],CHEMBL4144349,Inhibition of human recombinant HDAC3/GST-tagged NCOR1 DAD (397 to 503 residues) expressed in baculovirus expression system after 30 mins by fluorescence assay,B,,,BAO_0000190,BAO_0000019,assay format,CC(C)CCN(CCCCCCC(=O)NO)c1ncc(C(=O)NCCCn2ccnc2)s1,,,CHEMBL4138269,ACS Med Chem Lett,2018.0,"{'bei': '19.74', 'le': '0.39', 'lle': '5.70', 'sei': '8.16'}",CHEMBL4170617,,CHEMBL4170617,9.17,0.0,http://www.openphacts.org/units/Nanomolar,3049935.0,=,1.0,1.0,=,,IC50,nM,,0.67,CHEMBL3038484,Homo sapiens,Histone deacetylase 3/NCoR1,9606,,,IC50,nM,UO_0000065,,0.67,1,,RBVSKBDEAXWXGR-UHFFFAOYSA-N
,,18403662.0,[],CHEMBL4150581,Inhibition of human recombinant HDAC3/GST-tagged NCOR1 (397 to 503 residues) co-expressed in insect cells using (Ac-Leu-Gly-Lys(Ac)-AMC as substrate preincubated for 5 mins followed by substrate addition and measured after 30 mins by fluorescence assay,B,,,BAO_0000190,BAO_0000219,cell-based format,CS(=O)(=O)Nc1ccc(-c2ccnc(Nc3ccc(N4CCC(C(=O)Nc5ccc(/C=C/C(=O)NO)cc5)CC4)cc3)n2)cc1,,,CHEMBL4145634,J Med Chem,2018.0,"{'bei': '10.56', 'le': '0.20', 'lle': '2.00', 'sei': '4.00'}",CHEMBL4175555,,CHEMBL4175555,6.63,0.0,http://www.openphacts.org/units/Nanomolar,3054614.0,=,1.0,1.0,=,,IC50,nM,,234.0,CHEMBL3038484,Homo sapiens,Histone deacetylase 3/NCoR1,9606,,,IC50,nM,UO_0000065,,234.0,1,,LUTGPKYBTPTJKM-SYZQJQIISA-N
,,18403663.0,[],CHEMBL4150581,Inhibition of human recombinant HDAC3/GST-tagged NCOR1 (397 to 503 residues) co-expressed in insect cells using (Ac-Leu-Gly-Lys(Ac)-AMC as substrate preincubated for 5 mins followed by substrate addition and measured after 30 mins by fluorescence assay,B,,,BAO_0000190,BAO_0000219,cell-based format,CS(=O)(=O)Nc1ccc(-c2ccnc(Nc3ccc(N4CCC(C(=O)NCCCCCCCC(=O)NO)CC4)cc3)n2)cc1,,,CHEMBL4145634,J Med Chem,2018.0,"{'bei': '12.46', 'le': '0.24', 'lle': '3.33', 'sei': '4.69'}",CHEMBL4159366,,CHEMBL4159366,7.77,0.0,http://www.openphacts.org/units/Nanomolar,3054621.0,=,1.0,1.0,=,,IC50,nM,,17.0,CHEMBL3038484,Homo sapiens,Histone deacetylase 3/NCoR1,9606,,,IC50,nM,UO_0000065,,17.0,1,,VRIACVNCRMFMHQ-UHFFFAOYSA-N
,,18403664.0,[],CHEMBL4150581,Inhibition of human recombinant HDAC3/GST-tagged NCOR1 (397 to 503 residues) co-expressed in insect cells using (Ac-Leu-Gly-Lys(Ac)-AMC as substrate preincubated for 5 mins followed by substrate addition and measured after 30 mins by fluorescence assay,B,,,BAO_0000190,BAO_0000219,cell-based format,O=C(NO)c1ccc(-c2ccnc(Nc3ccc(N4CCOCC4)cc3)n2)cc1,,,CHEMBL4145634,J Med Chem,2018.0,"{'bei': '18.77', 'le': '0.35', 'lle': '4.51', 'sei': '7.38'}",CHEMBL4160840,,CHEMBL4160840,7.35,0.0,http://www.openphacts.org/units/Nanomolar,3054622.0,=,1.0,1.0,=,,IC50,nM,,45.0,CHEMBL3038484,Homo sapiens,Histone deacetylase 3/NCoR1,9606,,,IC50,nM,UO_0000065,,45.0,1,,FEWZFWICBIRTLY-UHFFFAOYSA-N
,,18722056.0,[],CHEMBL4258316,Inhibition of recombinant human HDAC3/NCOR1 using FLUOR DE LYS SIRT1 deacetylase substrate after 1 hr by fluorescence assay,B,,,BAO_0000190,BAO_0000223,protein complex format,Nc1ccccc1NC(=O)CCCc1ccc(N(CCCl)CCCl)cc1,,,CHEMBL4257470,Medchemcomm,2018.0,"{'bei': '12.73', 'le': '0.26', 'lle': '0.51', 'sei': '8.60'}",CHEMBL4173739,,CHEMBL4173739,5.02,0.0,http://www.openphacts.org/units/Nanomolar,3110463.0,=,1.0,1.0,=,,IC50,nM,,9520.0,CHEMBL3038484,Homo sapiens,Histone deacetylase 3/NCoR1,9606,,,IC50,uM,UO_0000065,,9.52,1,,BGBBFURFEHZTRD-UHFFFAOYSA-N
,,18916343.0,[],CHEMBL4322087,Inhibition of recombinant human HDAC3/GST-tagged NCOR1 DAD (397 to 503 residues) expressed in baculovirus expression system using Fluor de Lys as substrate by fluorescence assay,B,,,BAO_0000190,BAO_0000019,assay format,Nc1ccccc1NC(=O)c1ccc(-c2cn(CCc3ccsc3)nn2)cc1,,,CHEMBL4321787,J Med Chem,2019.0,"{'bei': '17.00', 'le': '0.32', 'lle': '2.54', 'sei': '7.71'}",CHEMBL3622374,,CHEMBL3622374,6.62,0.0,http://www.openphacts.org/units/Nanomolar,3155560.0,=,1.0,1.0,=,,IC50,nM,,240.0,CHEMBL3038484,Homo sapiens,Histone deacetylase 3/NCoR1,9606,,,IC50,uM,UO_0000065,,0.24,1,,LBLSLSOENGWIHL-UHFFFAOYSA-N
,,19234300.0,[],CHEMBL4397963,Inhibition of recombinant human HDAC3/NCOR1 assessed as decrease in deacetylation of FLUOR DE LYS SIRT1 substrate preincubated for 10 mins followed by substrate addition and and measured after 30 mins by fluorescence based assay,B,,,BAO_0000190,BAO_0000223,protein complex format,COc1ccc(SCc2ccc(C(=O)Nc3ccccc3N)cc2)cc1,,,CHEMBL4396885,Eur J Med Chem,2019.0,"{'bei': '18.84', 'le': '0.36', 'lle': '2.05', 'sei': '10.67'}",CHEMBL4446236,,CHEMBL4446236,6.87,0.0,http://www.openphacts.org/units/Nanomolar,3210686.0,=,1.0,1.0,=,,IC50,nM,,136.0,CHEMBL3038484,Homo sapiens,Histone deacetylase 3/NCoR1,9606,,,IC50,uM,UO_0000065,,0.136,1,,OHHKIRZGQVDOQY-UHFFFAOYSA-N
,,19234301.0,[],CHEMBL4397963,Inhibition of recombinant human HDAC3/NCOR1 assessed as decrease in deacetylation of FLUOR DE LYS SIRT1 substrate preincubated for 10 mins followed by substrate addition and and measured after 30 mins by fluorescence based assay,B,,,BAO_0000190,BAO_0000223,protein complex format,CCc1ccc(SCc2ccc(C(=O)Nc3ccccc3N)cc2)cc1,,,CHEMBL4396885,Eur J Med Chem,2019.0,"{'bei': '18.39', 'le': '0.35', 'lle': '1.29', 'sei': '12.10'}",CHEMBL4450474,,CHEMBL4450474,6.67,0.0,http://www.openphacts.org/units/Nanomolar,3210687.0,=,1.0,1.0,=,,IC50,nM,,215.0,CHEMBL3038484,Homo sapiens,Histone deacetylase 3/NCoR1,9606,,,IC50,uM,UO_0000065,,0.215,1,,HYGFVHOHMCNSIF-UHFFFAOYSA-N
,,19234302.0,[],CHEMBL4397963,Inhibition of recombinant human HDAC3/NCOR1 assessed as decrease in deacetylation of FLUOR DE LYS SIRT1 substrate preincubated for 10 mins followed by substrate addition and and measured after 30 mins by fluorescence based assay,B,,,BAO_0000190,BAO_0000223,protein complex format,Cc1cc(C)cc(SCc2ccc(C(=O)Nc3ccccc3N)cc2)c1,,,CHEMBL4396885,Eur J Med Chem,2019.0,"{'bei': '17.71', 'le': '0.34', 'lle': '0.99', 'sei': '11.65'}",CHEMBL4437865,,CHEMBL4437865,6.42,0.0,http://www.openphacts.org/units/Nanomolar,3210691.0,=,1.0,1.0,=,,IC50,nM,,381.0,CHEMBL3038484,Homo sapiens,Histone deacetylase 3/NCoR1,9606,,,IC50,uM,UO_0000065,,0.381,1,,CEJGRXNVIYUAOO-UHFFFAOYSA-N
,,19234303.0,[],CHEMBL4397963,Inhibition of recombinant human HDAC3/NCOR1 assessed as decrease in deacetylation of FLUOR DE LYS SIRT1 substrate preincubated for 10 mins followed by substrate addition and and measured after 30 mins by fluorescence based assay,B,,,BAO_0000190,BAO_0000223,protein complex format,Nc1ccccc1NC(=O)c1ccc(CSc2nccc(C(F)(F)F)n2)cc1,,,CHEMBL4396885,Eur J Med Chem,2019.0,"{'bei': '16.23', 'le': '0.32', 'lle': '1.94', 'sei': '8.11'}",CHEMBL4437852,,CHEMBL4437852,6.56,0.0,http://www.openphacts.org/units/Nanomolar,3210692.0,=,1.0,1.0,=,,IC50,nM,,274.0,CHEMBL3038484,Homo sapiens,Histone deacetylase 3/NCoR1,9606,,,IC50,uM,UO_0000065,,0.274,1,,GMXVQBBEKILTMI-UHFFFAOYSA-N
,,19234304.0,[],CHEMBL4397963,Inhibition of recombinant human HDAC3/NCOR1 assessed as decrease in deacetylation of FLUOR DE LYS SIRT1 substrate preincubated for 10 mins followed by substrate addition and and measured after 30 mins by fluorescence based assay,B,,,BAO_0000190,BAO_0000223,protein complex format,Nc1ccc(F)cc1NC(=O)c1ccc(CNC(=O)/C=C/c2cccnc2)cc1,,,CHEMBL4396885,Eur J Med Chem,2019.0,"{'bei': '16.98', 'le': '0.31', 'lle': '3.25', 'sei': '6.83'}",CHEMBL4087968,,CHEMBL4087968,6.63,0.0,http://www.openphacts.org/units/Nanomolar,3210698.0,=,1.0,1.0,=,,IC50,nM,,234.0,CHEMBL3038484,Homo sapiens,Histone deacetylase 3/NCoR1,9606,,,IC50,uM,UO_0000065,,0.234,1,,WXHHICFWKXDFOW-BJMVGYQFSA-N
,,20692107.0,[],CHEMBL4625803,Inhibition of full length human recombinant FLAG-tagged HDAC3/His6-tagged SMRT (1 to 899 residues) expressed in HEK293F cells using FLUOR DE LYS as substrate preincubated for 3 hrs followed by substrate addition and measured after 60 mins by fluorescence based assay,B,,,BAO_0000190,BAO_0000219,cell-based format,CN1CC(C(=O)N[C@@H](CCCCCC(=O)c2ccon2)c2ncc(-c3ccccc3F)[nH]2)C1,,,CHEMBL4622967,ACS Med Chem Lett,2020.0,"{'bei': '22.18', 'le': '0.42', 'lle': '6.30', 'sei': '9.66'}",CHEMBL4641682,,CHEMBL4641682,10.06,0.0,http://www.openphacts.org/units/Nanomolar,3485177.0,=,1.0,1.0,=,,IC50,nM,,0.087,CHEMBL3038484,Homo sapiens,Histone deacetylase 3/NCoR1,9606,,,IC50,nM,UO_0000065,0.09,0.087,1,,YNOXQYPNBSQQEI-FQEVSTJZSA-N
,,20692108.0,[],CHEMBL4625803,Inhibition of full length human recombinant FLAG-tagged HDAC3/His6-tagged SMRT (1 to 899 residues) expressed in HEK293F cells using FLUOR DE LYS as substrate preincubated for 3 hrs followed by substrate addition and measured after 60 mins by fluorescence based assay,B,,,BAO_0000190,BAO_0000219,cell-based format,CN1CC(C(=O)N[C@@H](CCCCCC(=O)c2ncco2)c2ncc(-c3ccc(F)cc3)[nH]2)C1,,,CHEMBL4622967,ACS Med Chem Lett,2020.0,"{'bei': '18.76', 'le': '0.35', 'lle': '4.75', 'sei': '8.17'}",CHEMBL4632775,,CHEMBL4632775,8.51,0.0,http://www.openphacts.org/units/Nanomolar,3485178.0,=,1.0,1.0,=,,IC50,nM,,3.1,CHEMBL3038484,Homo sapiens,Histone deacetylase 3/NCoR1,9606,,,IC50,nM,UO_0000065,,3.1,1,,DHDVNZCBVBNUML-IBGZPJMESA-N
,,20692109.0,[],CHEMBL4625803,Inhibition of full length human recombinant FLAG-tagged HDAC3/His6-tagged SMRT (1 to 899 residues) expressed in HEK293F cells using FLUOR DE LYS as substrate preincubated for 3 hrs followed by substrate addition and measured after 60 mins by fluorescence based assay,B,,,BAO_0000190,BAO_0000219,cell-based format,CN1CCC(C(=O)N[C@@H](CCCCCC(=O)c2nccs2)c2ncc(-c3ccc(F)cc3)[nH]2)CC1,,,CHEMBL4622967,ACS Med Chem Lett,2020.0,"{'bei': '17.48', 'le': '0.34', 'lle': '3.70', 'sei': '9.56'}",CHEMBL4647458,,CHEMBL4647458,8.70,0.0,http://www.openphacts.org/units/Nanomolar,3485179.0,=,1.0,1.0,=,,IC50,nM,,2.0,CHEMBL3038484,Homo sapiens,Histone deacetylase 3/NCoR1,9606,,,IC50,nM,UO_0000065,,2.0,1,,OEVNYXUGKVJBIX-NRFANRHFSA-N
,,20692110.0,[],CHEMBL4625803,Inhibition of full length human recombinant FLAG-tagged HDAC3/His6-tagged SMRT (1 to 899 residues) expressed in HEK293F cells using FLUOR DE LYS as substrate preincubated for 3 hrs followed by substrate addition and measured after 60 mins by fluorescence based assay,B,,,BAO_0000190,BAO_0000219,cell-based format,Cc1coc(C(=O)CCCCC[C@H](NC(=O)C2CCN(C)CC2)c2ncc(-c3ccc(F)cc3)[nH]2)n1,,,CHEMBL4622967,ACS Med Chem Lett,2020.0,"{'bei': '14.73', 'le': '0.28', 'lle': '2.46', 'sei': '7.01'}",CHEMBL4633968,,CHEMBL4633968,7.30,0.0,http://www.openphacts.org/units/Nanomolar,3485180.0,=,1.0,1.0,=,,IC50,nM,,50.0,CHEMBL3038484,Homo sapiens,Histone deacetylase 3/NCoR1,9606,,,IC50,nM,UO_0000065,,50.0,1,,UPTHKGNCOWCZQD-QFIPXVFZSA-N
,,20692111.0,[],CHEMBL4625803,Inhibition of full length human recombinant FLAG-tagged HDAC3/His6-tagged SMRT (1 to 899 residues) expressed in HEK293F cells using FLUOR DE LYS as substrate preincubated for 3 hrs followed by substrate addition and measured after 60 mins by fluorescence based assay,B,,,BAO_0000190,BAO_0000219,cell-based format,Cc1cc(C(=O)CCCCC[C@H](NC(=O)C2CN(C)C2)c2ncc(-c3ccccc3F)[nH]2)no1,,,CHEMBL4622967,ACS Med Chem Lett,2020.0,"{'bei': '21.72', 'le': '0.41', 'lle': '6.09', 'sei': '9.75'}",CHEMBL4637689,,CHEMBL4637689,10.15,0.0,http://www.openphacts.org/units/Nanomolar,3485181.0,=,1.0,1.0,=,,IC50,nM,,0.07,CHEMBL3038484,Homo sapiens,Histone deacetylase 3/NCoR1,9606,,,IC50,nM,UO_0000065,,0.07,1,,NWSMVLJLEXXRHR-FQEVSTJZSA-N
,,20692113.0,[],CHEMBL4625803,Inhibition of full length human recombinant FLAG-tagged HDAC3/His6-tagged SMRT (1 to 899 residues) expressed in HEK293F cells using FLUOR DE LYS as substrate preincubated for 3 hrs followed by substrate addition and measured after 60 mins by fluorescence based assay,B,,,BAO_0000190,BAO_0000219,cell-based format,N[C@@H](CCCCCC(=O)c1ccon1)c1ncc(-c2ccccc2F)[nH]1,,,CHEMBL4622967,ACS Med Chem Lett,2020.0,"{'bei': '25.03', 'le': '0.47', 'lle': '4.88', 'sei': '9.12'}",CHEMBL4644307,,CHEMBL4644307,8.92,0.0,http://www.openphacts.org/units/Nanomolar,3485183.0,=,1.0,1.0,=,,IC50,nM,,1.2,CHEMBL3038484,Homo sapiens,Histone deacetylase 3/NCoR1,9606,,,IC50,nM,UO_0000065,,1.2,1,,NRXMHGVXTYHHEY-HNNXBMFYSA-N
,,20692114.0,[],CHEMBL4625803,Inhibition of full length human recombinant FLAG-tagged HDAC3/His6-tagged SMRT (1 to 899 residues) expressed in HEK293F cells using FLUOR DE LYS as substrate preincubated for 3 hrs followed by substrate addition and measured after 60 mins by fluorescence based assay,B,,,BAO_0000190,BAO_0000219,cell-based format,N[C@@H](CCCCCC(=O)c1cocn1)c1ncc(-c2ccccc2F)[nH]1,,,CHEMBL4622967,ACS Med Chem Lett,2020.0,"{'bei': '19.15', 'le': '0.36', 'lle': '2.78', 'sei': '6.98'}",CHEMBL4636534,,CHEMBL4636534,6.82,0.0,http://www.openphacts.org/units/Nanomolar,3485184.0,=,1.0,1.0,=,,IC50,nM,,150.0,CHEMBL3038484,Homo sapiens,Histone deacetylase 3/NCoR1,9606,,,IC50,nM,UO_0000065,,150.0,1,,UTQMWCHHCIKOKP-HNNXBMFYSA-N
,,20692115.0,[],CHEMBL4625803,Inhibition of full length human recombinant FLAG-tagged HDAC3/His6-tagged SMRT (1 to 899 residues) expressed in HEK293F cells using FLUOR DE LYS as substrate preincubated for 3 hrs followed by substrate addition and measured after 60 mins by fluorescence based assay,B,,,BAO_0000190,BAO_0000219,cell-based format,COc1nc2ccccc2cc1-c1cnc([C@@H](N)CCCCCC(=O)c2cc[nH]n2)[nH]1,,,CHEMBL4622967,ACS Med Chem Lett,2020.0,"{'bei': '15.86', 'le': '0.29', 'lle': '2.45', 'sei': '5.42'}",CHEMBL4644575,,CHEMBL4644575,6.64,0.0,http://www.openphacts.org/units/Nanomolar,3485185.0,=,1.0,1.0,=,,IC50,nM,,230.0,CHEMBL3038484,Homo sapiens,Histone deacetylase 3/NCoR1,9606,,,IC50,nM,UO_0000065,,230.0,1,,UKNPNNJYGOJZRO-KRWDZBQOSA-N
,,20692116.0,[],CHEMBL4625803,Inhibition of full length human recombinant FLAG-tagged HDAC3/His6-tagged SMRT (1 to 899 residues) expressed in HEK293F cells using FLUOR DE LYS as substrate preincubated for 3 hrs followed by substrate addition and measured after 60 mins by fluorescence based assay,B,,,BAO_0000190,BAO_0000219,cell-based format,COc1nc2ccccc2cc1-c1cnc([C@@H](N)CCCCCC(=O)c2ncc[nH]2)[nH]1,,,CHEMBL4622967,ACS Med Chem Lett,2020.0,"{'bei': '14.15', 'le': '0.26', 'lle': '1.73', 'sei': '4.83'}",CHEMBL4635130,,CHEMBL4635130,5.92,0.0,http://www.openphacts.org/units/Nanomolar,3485186.0,=,1.0,1.0,=,,IC50,nM,,1200.0,CHEMBL3038484,Homo sapiens,Histone deacetylase 3/NCoR1,9606,,,IC50,nM,UO_0000065,,1200.0,1,,QWCIDQYVYURRSR-KRWDZBQOSA-N
,,20692117.0,[],CHEMBL4625803,Inhibition of full length human recombinant FLAG-tagged HDAC3/His6-tagged SMRT (1 to 899 residues) expressed in HEK293F cells using FLUOR DE LYS as substrate preincubated for 3 hrs followed by substrate addition and measured after 60 mins by fluorescence based assay,B,,,BAO_0000190,BAO_0000219,cell-based format,COc1nc2ccccc2cc1-c1cnc([C@@H](N)CCCCCC(=O)c2cnoc2C)[nH]1,,,CHEMBL4622967,ACS Med Chem Lett,2020.0,"{'bei': '16.25', 'le': '0.30', 'lle': '2.29', 'sei': '5.88'}",CHEMBL4639586,,CHEMBL4639586,7.05,0.0,http://www.openphacts.org/units/Nanomolar,3485187.0,=,1.0,1.0,=,,IC50,nM,,90.0,CHEMBL3038484,Homo sapiens,Histone deacetylase 3/NCoR1,9606,,,IC50,nM,UO_0000065,,90.0,1,,RVTQYDDCOIFTGY-IBGZPJMESA-N
,,20692118.0,[],CHEMBL4625803,Inhibition of full length human recombinant FLAG-tagged HDAC3/His6-tagged SMRT (1 to 899 residues) expressed in HEK293F cells using FLUOR DE LYS as substrate preincubated for 3 hrs followed by substrate addition and measured after 60 mins by fluorescence based assay,B,,,BAO_0000190,BAO_0000219,cell-based format,COc1nc2ccccc2cc1-c1cnc([C@@H](N)CCCCCC(=O)c2ncc(CO)o2)[nH]1,,,CHEMBL4622967,ACS Med Chem Lett,2020.0,"{'bei': '15.40', 'le': '0.29', 'lle': '2.97', 'sei': '4.94'}",CHEMBL4646763,,CHEMBL4646763,6.92,0.0,http://www.openphacts.org/units/Nanomolar,3485188.0,=,1.0,1.0,=,,IC50,nM,,120.0,CHEMBL3038484,Homo sapiens,Histone deacetylase 3/NCoR1,9606,,,IC50,nM,UO_0000065,,120.0,1,,BMEYTXZHJHHKPN-SFHVURJKSA-N
,,20692119.0,[],CHEMBL4625803,Inhibition of full length human recombinant FLAG-tagged HDAC3/His6-tagged SMRT (1 to 899 residues) expressed in HEK293F cells using FLUOR DE LYS as substrate preincubated for 3 hrs followed by substrate addition and measured after 60 mins by fluorescence based assay,B,,,BAO_0000190,BAO_0000219,cell-based format,N[C@@H](CCCCCC(=O)c1ccon1)c1cc(-c2ccccc2F)on1,,,CHEMBL4622967,ACS Med Chem Lett,2020.0,"{'bei': '23.77', 'le': '0.45', 'lle': '4.19', 'sei': '8.93'}",CHEMBL4637836,,CHEMBL4637836,8.49,0.0,http://www.openphacts.org/units/Nanomolar,3485189.0,=,1.0,1.0,=,,IC50,nM,,3.2,CHEMBL3038484,Homo sapiens,Histone deacetylase 3/NCoR1,9606,,,IC50,nM,UO_0000065,,3.2,1,,DJJICDKYOCVBNI-HNNXBMFYSA-N
,,20692120.0,[],CHEMBL4625803,Inhibition of full length human recombinant FLAG-tagged HDAC3/His6-tagged SMRT (1 to 899 residues) expressed in HEK293F cells using FLUOR DE LYS as substrate preincubated for 3 hrs followed by substrate addition and measured after 60 mins by fluorescence based assay,B,,,BAO_0000190,BAO_0000219,cell-based format,N[C@@H](CCCCCC(=O)c1ccon1)c1cnn(-c2ccc(F)cc2)n1,,,CHEMBL4622967,ACS Med Chem Lett,2020.0,"{'bei': '21.54', 'le': '0.40', 'lle': '4.47', 'sei': '7.71'}",CHEMBL4644721,,CHEMBL4644721,7.70,0.0,http://www.openphacts.org/units/Nanomolar,3485190.0,=,1.0,1.0,=,,IC50,nM,,20.0,CHEMBL3038484,Homo sapiens,Histone deacetylase 3/NCoR1,9606,,,IC50,nM,UO_0000065,,20.0,1,,IOAQGGPWYTVPJM-HNNXBMFYSA-N
,,20692121.0,[],CHEMBL4625803,Inhibition of full length human recombinant FLAG-tagged HDAC3/His6-tagged SMRT (1 to 899 residues) expressed in HEK293F cells using FLUOR DE LYS as substrate preincubated for 3 hrs followed by substrate addition and measured after 60 mins by fluorescence based assay,B,,,BAO_0000190,BAO_0000219,cell-based format,N[C@@H](CCCCCC(=O)c1ccon1)c1ccn(-c2ccc(F)cc2)n1,,,CHEMBL4622967,ACS Med Chem Lett,2020.0,"{'bei': '21.95', 'le': '0.41', 'lle': '3.99', 'sei': '9.00'}",CHEMBL4641904,,CHEMBL4641904,7.82,0.0,http://www.openphacts.org/units/Nanomolar,3485191.0,=,1.0,1.0,=,,IC50,nM,,15.0,CHEMBL3038484,Homo sapiens,Histone deacetylase 3/NCoR1,9606,,,IC50,nM,UO_0000065,,15.0,1,,ULVBVRHTPUIWJF-INIZCTEOSA-N
,,20692122.0,[],CHEMBL4625803,Inhibition of full length human recombinant FLAG-tagged HDAC3/His6-tagged SMRT (1 to 899 residues) expressed in HEK293F cells using FLUOR DE LYS as substrate preincubated for 3 hrs followed by substrate addition and measured after 60 mins by fluorescence based assay,B,,,BAO_0000190,BAO_0000219,cell-based format,N[C@@H](CCCCCC(=O)c1ccon1)c1cnn(-c2ccc(F)cc2)c1,,,CHEMBL4622967,ACS Med Chem Lett,2020.0,"{'bei': '22.13', 'le': '0.41', 'lle': '4.06', 'sei': '9.07'}",CHEMBL4632449,,CHEMBL4632449,7.89,0.0,http://www.openphacts.org/units/Nanomolar,3485192.0,=,1.0,1.0,=,,IC50,nM,,13.0,CHEMBL3038484,Homo sapiens,Histone deacetylase 3/NCoR1,9606,,,IC50,nM,UO_0000065,,13.0,1,,HPNRVPHONJCSQC-KRWDZBQOSA-N
,,20692123.0,[],CHEMBL4625803,Inhibition of full length human recombinant FLAG-tagged HDAC3/His6-tagged SMRT (1 to 899 residues) expressed in HEK293F cells using FLUOR DE LYS as substrate preincubated for 3 hrs followed by substrate addition and measured after 60 mins by fluorescence based assay,B,,,BAO_0000190,BAO_0000219,cell-based format,CN1CC(C(=O)N[C@@H](CCCCCC(=O)c2ccon2)c2ncc(-c3ccccc3F)o2)C1,,,CHEMBL4622967,ACS Med Chem Lett,2020.0,"{'bei': '21.50', 'le': '0.40', 'lle': '5.75', 'sei': '9.63'}",CHEMBL4634501,,CHEMBL4634501,9.77,0.0,http://www.openphacts.org/units/Nanomolar,3485193.0,=,1.0,1.0,=,,IC50,nM,,0.17,CHEMBL3038484,Homo sapiens,Histone deacetylase 3/NCoR1,9606,,,IC50,nM,UO_0000065,,0.17,1,,HCEDLZCUHOEHNH-FQEVSTJZSA-N
,,20692124.0,[],CHEMBL4625803,Inhibition of full length human recombinant FLAG-tagged HDAC3/His6-tagged SMRT (1 to 899 residues) expressed in HEK293F cells using FLUOR DE LYS as substrate preincubated for 3 hrs followed by substrate addition and measured after 60 mins by fluorescence based assay,B,,,BAO_0000190,BAO_0000219,cell-based format,CN1CC(C(=O)N[C@@H](CCCCCC(=O)c2ccon2)c2nnc(-c3ccccc3F)o2)C1,,,CHEMBL4622967,ACS Med Chem Lett,2020.0,"{'bei': '16.77', 'le': '0.32', 'lle': '4.22', 'sei': '6.68'}",CHEMBL4647164,,CHEMBL4647164,7.64,0.0,http://www.openphacts.org/units/Nanomolar,3485194.0,=,1.0,1.0,=,,IC50,nM,,23.0,CHEMBL3038484,Homo sapiens,Histone deacetylase 3/NCoR1,9606,,,IC50,nM,UO_0000065,,23.0,1,,JMODMXNTOJTCLH-IBGZPJMESA-N
"{'action_type': 'INHIBITOR', 'description': 'Negatively effects (inhibits) the normal functioning of the protein e.g., prevention of enzymatic reaction or activation of downstream pathway', 'parent_type': 'NEGATIVE MODULATOR'}",,22984096.0,"[{'comments': None, 'relation': '=', 'result_flag': 0, 'standard_relation': '=', 'standard_text_value': None, 'standard_type': 'TIME', 'standard_units': 'hr', 'standard_value': '0.5', 'text_value': None, 'type': 'Time', 'units': 'min', 'value': '30.0'}]",CHEMBL4773579,Inhibition of recombinant human GST-fused HDAC3/NCOR1 (397 to 503 residues) expressed in baculovirus infected insect cells using Ac-Leu-Gly-Lys(Ac)-AMC as substrate measured after 30 mins by fluorescence assay,B,,,BAO_0000190,BAO_0000219,cell-based format,COc1cc(OC)c2c(N3CCN(C)CC3)nc(-c3cc(C)c(OCCCCCC(=O)NO)c(C)c3)nc2c1,,,CHEMBL4765420,Eur J Med Chem,2020.0,"{'bei': '13.21', 'le': '0.25', 'lle': '2.97', 'sei': '6.50'}",CHEMBL4781177,,CHEMBL4781177,7.10,0.0,http://www.openphacts.org/units/Nanomolar,3569485.0,=,1.0,1.0,=,,IC50,nM,,79.17,CHEMBL3038484,Homo sapiens,Histone deacetylase 3/NCoR1,9606,,,IC50,nM,UO_0000065,,79.17,1,,NTUCJWZWDDQYER-UHFFFAOYSA-N
"{'action_type': 'INHIBITOR', 'description': 'Negatively effects (inhibits) the normal functioning of the protein e.g., prevention of enzymatic reaction or activation of downstream pathway', 'parent_type': 'NEGATIVE MODULATOR'}",,22984097.0,"[{'comments': None, 'relation': '=', 'result_flag': 0, 'standard_relation': '=', 'standard_text_value': None, 'standard_type': 'TIME', 'standard_units': 'hr', 'standard_value': '0.5', 'text_value': None, 'type': 'Time', 'units': 'min', 'value': '30.0'}]",CHEMBL4773579,Inhibition of recombinant human GST-fused HDAC3/NCOR1 (397 to 503 residues) expressed in baculovirus infected insect cells using Ac-Leu-Gly-Lys(Ac)-AMC as substrate measured after 30 mins by fluorescence assay,B,,,BAO_0000190,BAO_0000219,cell-based format,COc1cc(OC)c2c(N3CCS(=O)(=O)CC3)nc(-c3cc(C)c(OCCCCCC(=O)NO)c(C)c3)nc2c1,,,CHEMBL4765420,Eur J Med Chem,2020.0,"{'bei': '12.18', 'le': '0.24', 'lle': '3.36', 'sei': '4.97'}",CHEMBL4790998,,CHEMBL4790998,6.97,0.0,http://www.openphacts.org/units/Nanomolar,3569486.0,=,1.0,1.0,=,,IC50,nM,,106.3,CHEMBL3038484,Homo sapiens,Histone deacetylase 3/NCoR1,9606,,,IC50,nM,UO_0000065,,106.3,1,,YRUAJZFECDBHMT-UHFFFAOYSA-N
,,25724120.0,"[{'comments': None, 'relation': '=', 'result_flag': 0, 'standard_relation': '=', 'standard_text_value': None, 'standard_type': 'TIME', 'standard_units': 'hr', 'standard_value': '3.5', 'text_value': None, 'type': 'TIME', 'units': 'hrs', 'value': '3.5'}]",CHEMBL5391358,Inhibition of recombinant human HDAC3/human GST-tagged NCOR1 (397 to 503 residues) using K(Ac)382 peptide substrate preincubated for 3 hrs followed by substrate addition and measured after 30 mins by HDAC-Glo I/II chemiluminescence assay,B,,,BAO_0000190,BAO_0000223,protein complex format,Nc1ccc(-c2cccs2)cc1NC(=O)c1ccc(-c2cn(CCc3ccccn3)nn2)cc1,,,CHEMBL5390237,J Med Chem,2023.0,,CHEMBL5411914,,CHEMBL5411914,,0.0,http://www.openphacts.org/units/Nanomolar,4011035.0,>,1.0,1.0,>,,IC50,nM,,10000.0,CHEMBL3038484,Homo sapiens,Histone deacetylase 3/NCoR1,9606,,,IC50,nM,UO_0000065,,10000.0,1,,YKRBAGNCPWIGQG-UHFFFAOYSA-N
,,25724121.0,"[{'comments': None, 'relation': '=', 'result_flag': 0, 'standard_relation': '=', 'standard_text_value': None, 'standard_type': 'TIME', 'standard_units': 'hr', 'standard_value': '3.5', 'text_value': None, 'type': 'TIME', 'units': 'hrs', 'value': '3.5'}]",CHEMBL5391358,Inhibition of recombinant human HDAC3/human GST-tagged NCOR1 (397 to 503 residues) using K(Ac)382 peptide substrate preincubated for 3 hrs followed by substrate addition and measured after 30 mins by HDAC-Glo I/II chemiluminescence assay,B,,,BAO_0000190,BAO_0000223,protein complex format,Nc1ccc(-c2cccs2)cc1NC(=O)c1ccc(-c2cn(C[S+]([O-])c3ccccc3)nn2)cc1,,,CHEMBL5390237,J Med Chem,2023.0,,CHEMBL5400421,,CHEMBL5400421,,0.0,http://www.openphacts.org/units/Nanomolar,4011043.0,>,1.0,1.0,>,,IC50,nM,,10000.0,CHEMBL3038484,Homo sapiens,Histone deacetylase 3/NCoR1,9606,,,IC50,nM,UO_0000065,,10000.0,1,,BNXCWWNDNKACGS-UHFFFAOYSA-N
,,25724122.0,"[{'comments': None, 'relation': '=', 'result_flag': 0, 'standard_relation': '=', 'standard_text_value': None, 'standard_type': 'TIME', 'standard_units': 'hr', 'standard_value': '3.5', 'text_value': None, 'type': 'TIME', 'units': 'hrs', 'value': '3.5'}]",CHEMBL5391358,Inhibition of recombinant human HDAC3/human GST-tagged NCOR1 (397 to 503 residues) using K(Ac)382 peptide substrate preincubated for 3 hrs followed by substrate addition and measured after 30 mins by HDAC-Glo I/II chemiluminescence assay,B,,,BAO_0000190,BAO_0000223,protein complex format,Nc1ccc(-c2cccs2)cc1NC(=O)c1ccc(-c2cn(CS(=O)(=O)c3ccccc3)nn2)cc1,,,CHEMBL5390237,J Med Chem,2023.0,,CHEMBL5393987,,CHEMBL5393987,,0.0,http://www.openphacts.org/units/Nanomolar,4011001.0,>,1.0,1.0,>,,IC50,nM,,10000.0,CHEMBL3038484,Homo sapiens,Histone deacetylase 3/NCoR1,9606,,,IC50,nM,UO_0000065,,10000.0,1,,CKPHTEVIQGSUMQ-UHFFFAOYSA-N
