molecule_chembl_id,canonical_smiles,inchikey,standard_value,target,label,scaffold,split
CHEMBL2407725,Nc1ccccc1NC(=O)c1ccc(CNC2=N[C@@H](c3ccccc3)[C@H](c3ccccc3)S2)cc1,ATSHIQNIJWBDQY-SVBPBHIXSA-N,388.0,,1,O=C(Nc1ccccc1)c1ccc(CNC2=NC(c3ccccc3)C(c3ccccc3)S2)cc1,train
CHEMBL2407724,Nc1ccccc1NC(=O)c1ccc(CNC2=N[C@H](c3ccccc3)[C@@H](c3ccccc3)S2)cc1,ATSHIQNIJWBDQY-KAYWLYCHSA-N,287.0,,1,O=C(Nc1ccccc1)c1ccc(CNC2=NC(c3ccccc3)C(c3ccccc3)S2)cc1,train
CHEMBL2407723,Nc1ccccc1NC(=O)c1ccc(CNC2=NC[C@H](c3ccccc3)S2)cc1,YPQXVNKTJNZZFB-OAQYLSRUSA-N,12.0,,1,O=C(Nc1ccccc1)c1ccc(CNC2=NCC(c3ccccc3)S2)cc1,train
CHEMBL2407722,Nc1ccccc1NC(=O)c1ccc(CNC2=NC[C@@H](c3ccccc3)S2)cc1,YPQXVNKTJNZZFB-NRFANRHFSA-N,23.0,,1,O=C(Nc1ccccc1)c1ccc(CNC2=NCC(c3ccccc3)S2)cc1,train
CHEMBL2407721,Nc1ccccc1NC(=O)c1ccc(CNC2=N[C@H](Cc3ccccc3)CS2)cc1,HCPJONOCDRERJJ-HXUWFJFHSA-N,36.0,,1,O=C(Nc1ccccc1)c1ccc(CNC2=NC(Cc3ccccc3)CS2)cc1,train
CHEMBL2407720,Nc1ccccc1NC(=O)c1ccc(CNC2=N[C@@H](Cc3ccccc3)CS2)cc1,HCPJONOCDRERJJ-FQEVSTJZSA-N,52.0,,1,O=C(Nc1ccccc1)c1ccc(CNC2=NC(Cc3ccccc3)CS2)cc1,train
CHEMBL2407719,Nc1ccccc1NC(=O)c1ccc(CNC2=N[C@@H](c3ccc(O)cc3)CS2)cc1,FXCUYPUWZLTQGM-OAQYLSRUSA-N,16.0,,1,O=C(Nc1ccccc1)c1ccc(CNC2=NC(c3ccccc3)CS2)cc1,train
CHEMBL2407718,Nc1ccccc1NC(=O)c1ccc(CNC2=N[C@H](c3ccccc3)CS2)cc1,SMTXKVURUPJKNQ-NRFANRHFSA-N,79.0,,1,O=C(Nc1ccccc1)c1ccc(CNC2=NC(c3ccccc3)CS2)cc1,train
CHEMBL2407717,Nc1ccccc1NC(=O)c1ccc(CNC2=N[C@@H](c3ccccc3)CS2)cc1,SMTXKVURUPJKNQ-OAQYLSRUSA-N,12.0,,1,O=C(Nc1ccccc1)c1ccc(CNC2=NC(c3ccccc3)CS2)cc1,train
CHEMBL2407733,Nc1ccccc1NC(=O)c1ccc(CNC2=NC(=O)C(Cc3c[nH]c4ccccc34)N2)cc1,LOSMQVNNNADUOB-UHFFFAOYSA-N,104.0,,1,O=C(Nc1ccccc1)c1ccc(CNC2=NC(=O)C(Cc3c[nH]c4ccccc34)N2)cc1,train
CHEMBL2407732,CC(=O)N1C(NCc2ccc(C(=O)Nc3ccccc3N)cc2)=NC(=O)C1Cc1c[nH]c2ccccc12,JLIOMTJQMCMPRL-UHFFFAOYSA-N,70.0,,1,O=C(Nc1ccccc1)c1ccc(CNC2=NC(=O)C(Cc3c[nH]c4ccccc34)N2)cc1,train
CHEMBL2407731,CC(C)(C)OC(=O)N1C(NCc2ccc(C(=O)Nc3ccccc3N)cc2)=NC(=O)C1Cc1c[nH]c2ccccc12,AMDUCWJBYRMCNV-UHFFFAOYSA-N,40.0,,1,O=C(Nc1ccccc1)c1ccc(CNC2=NC(=O)C(Cc3c[nH]c4ccccc34)N2)cc1,train
CHEMBL2407739,Nc1cc2ccccc2cc1NC(=O)c1ccc(CNc2nccc(-c3cccnc3)n2)cc1,NPMWQFIEKSOOIB-UHFFFAOYSA-N,630.0,,1,O=C(Nc1ccc2ccccc2c1)c1ccc(CNc2nccc(-c3cccnc3)n2)cc1,train
CHEMBL113537,O=C(CCCCCCC(=O)C(F)(F)F)Nc1ccccc1,KRCXZGYVOZSCSF-UHFFFAOYSA-N,52.0,,1,c1ccccc1,train
CHEMBL98,O=C(CCCCCCC(=O)Nc1ccccc1)NO,WAEXFXRVDQXREF-UHFFFAOYSA-N,51.0,,1,c1ccccc1,train
CHEMBL3622375,Nc1ccccc1NC(=O)c1ccc(-c2cn(CCc3cccc([N+](=O)[O-])c3)nn2)s1,AXAUXMXVFLCQQK-UHFFFAOYSA-N,260.0,,1,O=C(Nc1ccccc1)c1ccc(-c2cn(CCc3ccccc3)nn2)s1,train
CHEMBL4170617,CC(C)CCN(CCCCCCC(=O)NO)c1ncc(C(=O)NCCCn2ccnc2)s1,RBVSKBDEAXWXGR-UHFFFAOYSA-N,0.67,,1,O=C(NCCCn1ccnc1)c1cncs1,train
CHEMBL4175555,CS(=O)(=O)Nc1ccc(-c2ccnc(Nc3ccc(N4CCC(C(=O)Nc5ccc(/C=C/C(=O)NO)cc5)CC4)cc3)n2)cc1,LUTGPKYBTPTJKM-SYZQJQIISA-N,234.0,,1,O=C(Nc1ccccc1)C1CCN(c2ccc(Nc3nccc(-c4ccccc4)n3)cc2)CC1,train
CHEMBL4159366,CS(=O)(=O)Nc1ccc(-c2ccnc(Nc3ccc(N4CCC(C(=O)NCCCCCCCC(=O)NO)CC4)cc3)n2)cc1,VRIACVNCRMFMHQ-UHFFFAOYSA-N,17.0,,1,c1ccc(-c2ccnc(Nc3ccc(N4CCCCC4)cc3)n2)cc1,train
CHEMBL4160840,O=C(NO)c1ccc(-c2ccnc(Nc3ccc(N4CCOCC4)cc3)n2)cc1,FEWZFWICBIRTLY-UHFFFAOYSA-N,45.0,,1,c1ccc(-c2ccnc(Nc3ccc(N4CCOCC4)cc3)n2)cc1,train
CHEMBL4173739,Nc1ccccc1NC(=O)CCCc1ccc(N(CCCl)CCCl)cc1,BGBBFURFEHZTRD-UHFFFAOYSA-N,9520.0,,1,O=C(CCCc1ccccc1)Nc1ccccc1,train
CHEMBL4437852,Nc1ccccc1NC(=O)c1ccc(CSc2nccc(C(F)(F)F)n2)cc1,GMXVQBBEKILTMI-UHFFFAOYSA-N,274.0,,1,O=C(Nc1ccccc1)c1ccc(CSc2ncccn2)cc1,train
CHEMBL4632775,CN1CC(C(=O)N[C@@H](CCCCCC(=O)c2ncco2)c2ncc(-c3ccc(F)cc3)[nH]2)C1,DHDVNZCBVBNUML-IBGZPJMESA-N,3.1,,1,O=C(CCCCCC(NC(=O)C1CNC1)c1ncc(-c2ccccc2)[nH]1)c1ncco1,train
CHEMBL4647458,CN1CCC(C(=O)N[C@@H](CCCCCC(=O)c2nccs2)c2ncc(-c3ccc(F)cc3)[nH]2)CC1,OEVNYXUGKVJBIX-NRFANRHFSA-N,2.0,,1,O=C(CCCCCC(NC(=O)C1CCNCC1)c1ncc(-c2ccccc2)[nH]1)c1nccs1,train
CHEMBL4633968,Cc1coc(C(=O)CCCCC[C@H](NC(=O)C2CCN(C)CC2)c2ncc(-c3ccc(F)cc3)[nH]2)n1,UPTHKGNCOWCZQD-QFIPXVFZSA-N,50.0,,1,O=C(CCCCCC(NC(=O)C1CCNCC1)c1ncc(-c2ccccc2)[nH]1)c1ncco1,train
CHEMBL4644307,N[C@@H](CCCCCC(=O)c1ccon1)c1ncc(-c2ccccc2F)[nH]1,NRXMHGVXTYHHEY-HNNXBMFYSA-N,1.2,,1,O=C(CCCCCCc1ncc(-c2ccccc2)[nH]1)c1ccon1,train
CHEMBL4636534,N[C@@H](CCCCCC(=O)c1cocn1)c1ncc(-c2ccccc2F)[nH]1,UTQMWCHHCIKOKP-HNNXBMFYSA-N,150.0,,1,O=C(CCCCCCc1ncc(-c2ccccc2)[nH]1)c1cocn1,train
CHEMBL4644575,COc1nc2ccccc2cc1-c1cnc([C@@H](N)CCCCCC(=O)c2cc[nH]n2)[nH]1,UKNPNNJYGOJZRO-KRWDZBQOSA-N,230.0,,1,O=C(CCCCCCc1ncc(-c2cnc3ccccc3c2)[nH]1)c1cc[nH]n1,train
CHEMBL4635130,COc1nc2ccccc2cc1-c1cnc([C@@H](N)CCCCCC(=O)c2ncc[nH]2)[nH]1,QWCIDQYVYURRSR-KRWDZBQOSA-N,1200.0,,1,O=C(CCCCCCc1ncc(-c2cnc3ccccc3c2)[nH]1)c1ncc[nH]1,train
CHEMBL4639586,COc1nc2ccccc2cc1-c1cnc([C@@H](N)CCCCCC(=O)c2cnoc2C)[nH]1,RVTQYDDCOIFTGY-IBGZPJMESA-N,90.0,,1,O=C(CCCCCCc1ncc(-c2cnc3ccccc3c2)[nH]1)c1cnoc1,train
CHEMBL4646763,COc1nc2ccccc2cc1-c1cnc([C@@H](N)CCCCCC(=O)c2ncc(CO)o2)[nH]1,BMEYTXZHJHHKPN-SFHVURJKSA-N,120.0,,1,O=C(CCCCCCc1ncc(-c2cnc3ccccc3c2)[nH]1)c1ncco1,train
CHEMBL4637836,N[C@@H](CCCCCC(=O)c1ccon1)c1cc(-c2ccccc2F)on1,DJJICDKYOCVBNI-HNNXBMFYSA-N,3.2,,1,O=C(CCCCCCc1cc(-c2ccccc2)on1)c1ccon1,train
CHEMBL4641904,N[C@@H](CCCCCC(=O)c1ccon1)c1ccn(-c2ccc(F)cc2)n1,ULVBVRHTPUIWJF-INIZCTEOSA-N,15.0,,1,O=C(CCCCCCc1ccn(-c2ccccc2)n1)c1ccon1,train
CHEMBL4632449,N[C@@H](CCCCCC(=O)c1ccon1)c1cnn(-c2ccc(F)cc2)c1,HPNRVPHONJCSQC-KRWDZBQOSA-N,13.0,,1,O=C(CCCCCCc1cnn(-c2ccccc2)c1)c1ccon1,train
CHEMBL4634501,CN1CC(C(=O)N[C@@H](CCCCCC(=O)c2ccon2)c2ncc(-c3ccccc3F)o2)C1,HCEDLZCUHOEHNH-FQEVSTJZSA-N,0.17,,1,O=C(CCCCCC(NC(=O)C1CNC1)c1ncc(-c2ccccc2)o1)c1ccon1,train
CHEMBL4647164,CN1CC(C(=O)N[C@@H](CCCCCC(=O)c2ccon2)c2nnc(-c3ccccc3F)o2)C1,JMODMXNTOJTCLH-IBGZPJMESA-N,23.0,,1,O=C(CCCCCC(NC(=O)C1CNC1)c1nnc(-c2ccccc2)o1)c1ccon1,train
CHEMBL4790998,COc1cc(OC)c2c(N3CCS(=O)(=O)CC3)nc(-c3cc(C)c(OCCCCCC(=O)NO)c(C)c3)nc2c1,YRUAJZFECDBHMT-UHFFFAOYSA-N,106.3,,1,O=S1(=O)CCN(c2nc(-c3ccccc3)nc3ccccc23)CC1,train
CHEMBL5411914,Nc1ccc(-c2cccs2)cc1NC(=O)c1ccc(-c2cn(CCc3ccccn3)nn2)cc1,YKRBAGNCPWIGQG-UHFFFAOYSA-N,10000.0,,1,O=C(Nc1cccc(-c2cccs2)c1)c1ccc(-c2cn(CCc3ccccn3)nn2)cc1,train
CHEMBL5400421,Nc1ccc(-c2cccs2)cc1NC(=O)c1ccc(-c2cn(C[S+]([O-])c3ccccc3)nn2)cc1,BNXCWWNDNKACGS-UHFFFAOYSA-N,10000.0,,1,O=C(Nc1cccc(-c2cccs2)c1)c1ccc(-c2cn(C[SH+]c3ccccc3)nn2)cc1,train
CHEMBL5393987,Nc1ccc(-c2cccs2)cc1NC(=O)c1ccc(-c2cn(CS(=O)(=O)c3ccccc3)nn2)cc1,CKPHTEVIQGSUMQ-UHFFFAOYSA-N,10000.0,,1,O=C(Nc1cccc(-c2cccs2)c1)c1ccc(-c2cn(CS(=O)(=O)c3ccccc3)nn2)cc1,train
CHEMBL4583282,Nc1cc(F)ccc1NC(=O)c1cnc(NCc2ccccc2)cn1,QPCVVEWSBUFRRL-UHFFFAOYSA-N,65000.0,,0,O=C(Nc1ccccc1)c1cnc(NCc2ccccc2)cn1,train
CHEMBL4589724,Nc1ccccc1NC(=O)c1cnc(NCc2ccccc2)cn1,VNDKSSOLKIUTSX-UHFFFAOYSA-N,65600.0,,0,O=C(Nc1ccccc1)c1cnc(NCc2ccccc2)cn1,train
CHEMBL4537136,Nc1cc(F)ccc1NC(=O)c1cnc(Nc2ccccc2)cn1,RXFXVQNNZNLCHJ-UHFFFAOYSA-N,71500.0,,0,O=C(Nc1ccccc1)c1cnc(Nc2ccccc2)cn1,train
,Cc1cc(-n2ncc(=O)[nH]c2=O)ccc1C(=O)c1ccccc1Cl,OWRSAHYFSSNENM-UHFFFAOYSA-N,,DECOY,0,O=C(c1ccccc1)c1ccc(-n2ncc(=O)[nH]c2=O)cc1,train
,Cc1cc(-n2ncc(=O)[nH]c2=O)ccc1C(=O)c1ccc(C#N)cc1,ZJYUMURGSZQFMH-UHFFFAOYSA-N,,DECOY,0,O=C(c1ccccc1)c1ccc(-n2ncc(=O)[nH]c2=O)cc1,train
,Cc1ccc(C(=O)c2ccc(-n3ncc(=O)[nH]c3=O)cc2)cc1,PSOPUAQFGCRDIP-UHFFFAOYSA-N,,DECOY,0,O=C(c1ccccc1)c1ccc(-n2ncc(=O)[nH]c2=O)cc1,train
,Cc1cc(-n2ncc(=O)[nH]c2=O)ccc1C(=O)c1ccc(Cl)cc1,KEZNSCMBVRNOHO-UHFFFAOYSA-N,,DECOY,0,O=C(c1ccccc1)c1ccc(-n2ncc(=O)[nH]c2=O)cc1,train
,Cc1cc(-n2ncc(=O)[nH]c2=O)ccc1C(=O)c1ccccc1,ZKEKOOJDMYTEMP-UHFFFAOYSA-N,,DECOY,0,O=C(c1ccccc1)c1ccc(-n2ncc(=O)[nH]c2=O)cc1,train
,Cc1cc(Br)ccc1C(=O)c1ccc(-n2ncc(=O)[nH]c2=O)cc1Cl,OKZQSFTUAACQQS-UHFFFAOYSA-N,,DECOY,0,O=C(c1ccccc1)c1ccc(-n2ncc(=O)[nH]c2=O)cc1,train
,O=C(c1ccc(Cl)cc1Cl)c1ccc(-n2ncc(=O)[nH]c2=O)cc1Cl,STDSVETYHZLIBJ-UHFFFAOYSA-N,,DECOY,0,O=C(c1ccccc1)c1ccc(-n2ncc(=O)[nH]c2=O)cc1,train
,CS(=O)(=O)c1ccc(C(=O)c2ccc(-n3ncc(=O)[nH]c3=O)cc2Cl)cc1,NKQAZJTVQHGKAX-UHFFFAOYSA-N,,DECOY,0,O=C(c1ccccc1)c1ccc(-n2ncc(=O)[nH]c2=O)cc1,train
,c1cc2cc(c1)-c1cccc(c1)C[n+]1ccc(c3ccccc31)NCCCCCCCCCCNc1cc[n+](c3ccccc13)C2,QFSGJJCWIIUQCT-UHFFFAOYSA-P,,DECOY,0,c1cc2cc(c1)-c1cccc(c1)C[n+]1ccc(c3ccccc31)NCCCCCCCCCCNc1cc[n+](c3ccccc13)C2,train
,CSc1ccc(C(=O)c2ccc(-n3ncc(=O)[nH]c3=O)cc2Cl)cc1,AHSGSKZYZFQYPJ-UHFFFAOYSA-N,,DECOY,0,O=C(c1ccccc1)c1ccc(-n2ncc(=O)[nH]c2=O)cc1,train
,O=C(c1ccc(Cl)cc1)c1ccc(-n2ncc(=O)[nH]c2=O)cc1Cl,NIRBVFLCQJVJOQ-UHFFFAOYSA-N,,DECOY,0,O=C(c1ccccc1)c1ccc(-n2ncc(=O)[nH]c2=O)cc1,train
,O=C1O/C(=C/Br)CCC1c1cccc2ccccc12,BYUCSFWXCMTYOI-ZRDIBKRKSA-N,,DECOY,0,C=C1CCC(c2cccc3ccccc23)C(=O)O1,train
,O=C1O/C(=C/I)CCC1c1cccc2ccccc12,ZJGPRRLHNMNINO-ZRDIBKRKSA-N,,DECOY,0,C=C1CCC(c2cccc3ccccc23)C(=O)O1,train
,C#C/C=C1\CCC(c2cccc3ccccc23)C(=O)O1,NHOIHEBFAKOZIE-MKMNVTDBSA-N,,DECOY,0,C=C1CCC(c2cccc3ccccc23)C(=O)O1,train
,O=C1O/C(=C\I)CCC1c1cccc2ccccc12,ZJGPRRLHNMNINO-BENRWUELSA-N,,DECOY,0,C=C1CCC(c2cccc3ccccc23)C(=O)O1,train
,O=C(c1ccccc1)c1ccc(-n2ncc(=O)[nH]c2=O)cc1,KXRCWAXGSZBUMP-UHFFFAOYSA-N,,DECOY,0,O=C(c1ccccc1)c1ccc(-n2ncc(=O)[nH]c2=O)cc1,train
,COc1ccc(C(=O)c2ccc(-n3ncc(=O)[nH]c3=O)cc2)cc1,PTPLFGAZASGDIE-UHFFFAOYSA-N,,DECOY,0,O=C(c1ccccc1)c1ccc(-n2ncc(=O)[nH]c2=O)cc1,train
,COc1cc2nc(N3CCN(S(=O)(=O)c4cccs4)CC3)nc(N)c2cc1OC,RYVAEGMROPOPOW-UHFFFAOYSA-N,,DECOY,0,O=S(=O)(c1cccs1)N1CCN(c2ncc3ccccc3n2)CC1,train
,Nc1cc[n+](Cc2cccc(-c3cccc(C[n+]4ccc(N)c5ccccc54)c3)c2)c2ccccc12,CKEYKKQODPYQPS-UHFFFAOYSA-P,,DECOY,0,c1cc(C[n+]2cccc3ccccc32)cc(-c2cccc(C[n+]3cccc4ccccc43)c2)c1,train
,Nc1cc[n+](Cc2ccc(CCc3ccc(C[n+]4ccc(N)c5ccccc54)cc3)cc2)c2ccccc12,SSYLZSFCNUGCEN-UHFFFAOYSA-P,,DECOY,0,c1ccc2c(c1)ccc[n+]2Cc1ccc(CCc2ccc(C[n+]3cccc4ccccc43)cc2)cc1,train
,Nc1cc[n+](Cc2ccc(/C=C\c3ccc(C[n+]4ccc(N)c5ccccc54)cc3)cc2)c2ccccc12,VERLYKWASWBHLC-KTKRTIGZSA-P,,DECOY,0,C(=Cc1ccc(C[n+]2cccc3ccccc32)cc1)c1ccc(C[n+]2cccc3ccccc32)cc1,train
,c1ccc(C[n+]2ccc(NCCCCCCCCCCNc3cc[n+](Cc4ccccc4)c4ccccc34)c3ccccc32)cc1,JFTHHZLVWUKENE-UHFFFAOYSA-P,,DECOY,0,c1ccc(C[n+]2ccc(NCCCCCCCCCCNc3cc[n+](Cc4ccccc4)c4ccccc34)c3ccccc32)cc1,train
,c1ccc2c(c1)c1cc[n+]2Cc2ccc(cc2)CCc2ccc(cc2)C[n+]2ccc(c3ccccc32)NCCCCCCCCCCN1,PWKOKPCVDQPYGH-UHFFFAOYSA-P,,DECOY,0,c1ccc2c(c1)c1cc[n+]2Cc2ccc(cc2)CCc2ccc(cc2)C[n+]2ccc(c3ccccc32)NCCCCCCCCCCN1,train
,Nc1cc[n+](Cc2ccc3c(c2)Cc2cc(C[n+]4ccc(N)c5ccccc54)ccc2-3)c2ccccc12,USOMLPZSQWAHIS-UHFFFAOYSA-P,,DECOY,0,c1ccc2c(c1)ccc[n+]2Cc1ccc2c(c1)Cc1cc(C[n+]3cccc4ccccc43)ccc1-2,train
,Cc1cc(-n2ncc(=O)[nH]c2=O)ccc1C(=O)c1ccc(Cl)cc1Cl,LXXPLXZEGKRZIQ-UHFFFAOYSA-N,,DECOY,0,O=C(c1ccccc1)c1ccc(-n2ncc(=O)[nH]c2=O)cc1,train
,Nc1cc[n+](Cc2ccc(Cc3ccc(C[n+]4ccc(N)c5ccccc54)cc3)cc2)c2ccccc12,YEQQDIAUPMSMFF-UHFFFAOYSA-P,,DECOY,0,c1ccc2c(c1)ccc[n+]2Cc1ccc(Cc2ccc(C[n+]3cccc4ccccc43)cc2)cc1,train
,COC(=O)/C=C/C(=O)Nc1ccc(CCCCC(=O)N2CCN(c3nc(N)c4cc(OC)c(OC)cc4n3)CC2)cc1,RZYZZMZIPSVZRD-OUKQBFOZSA-N,,DECOY,0,O=C(CCCCc1ccccc1)N1CCN(c2ncc3ccccc3n2)CC1,train
,COc1cc2nc(N3CCN(C(=O)C4CC5C=CC4C5)CC3)nc(N)c2cc1OC,BMYIHODBDZAJOJ-UHFFFAOYSA-N,,DECOY,0,O=C(C1CC2C=CC1C2)N1CCN(c2ncc3ccccc3n2)CC1,train
,C/C=C/C=C/C(=O)N1CCN(c2nc(N)c3cc(OC)c(OC)cc3n2)CC1,IGAQSPGTMPOCMT-YTXTXJHMSA-N,,DECOY,0,c1ccc2nc(N3CCNCC3)ncc2c1,train
,COc1cc2nc(N3CCN(C(=O)Nc4ccccc4)CC3)nc(N)c2cc1OC,LWEWMCLJACLWLE-UHFFFAOYSA-N,,DECOY,0,O=C(Nc1ccccc1)N1CCN(c2ncc3ccccc3n2)CC1,train
,COc1cc2nc(N3CCN(/C(S)=N/C4CCCCC4)CC3)nc(N)c2cc1OC,NJQZMRWOOJIQAI-UHFFFAOYSA-N,,DECOY,0,C(=NC1CCCCC1)N1CCN(c2ncc3ccccc3n2)CC1,train
,O=C(c1ccc(-n2ncc(=O)[nH]c2=O)cc1)c1cccs1,RJEKIHQABSVVMV-UHFFFAOYSA-N,,DECOY,0,O=C(c1ccc(-n2ncc(=O)[nH]c2=O)cc1)c1cccs1,train
,Cc1cc(-n2ncc(=O)[nH]c2=O)cc(Cl)c1C(=O)c1ccc(Cl)cc1,DRZJIUZHBUPPIJ-UHFFFAOYSA-N,,DECOY,0,O=C(c1ccccc1)c1ccc(-n2ncc(=O)[nH]c2=O)cc1,train
,Cc1cc(-n2ncc(=O)[nH]c2=O)cc(C)c1C(=O)c1ccc(Cl)cc1,VPEXBAVKVHINPE-UHFFFAOYSA-N,,DECOY,0,O=C(c1ccccc1)c1ccc(-n2ncc(=O)[nH]c2=O)cc1,train
,Cc1cc(Cl)ccc1C(=O)c1ccc(-n2ncc(=O)[nH]c2=O)cc1C,OFUSQSZKDOPYKV-UHFFFAOYSA-N,,DECOY,0,O=C(c1ccccc1)c1ccc(-n2ncc(=O)[nH]c2=O)cc1,train
,O=C(c1ccccc1)c1ccc(-n2ncc(=O)[nH]c2=O)cc1Cl,QAIXHEHCPNLFRR-UHFFFAOYSA-N,,DECOY,0,O=C(c1ccccc1)c1ccc(-n2ncc(=O)[nH]c2=O)cc1,train
,Cc1cc(C)c(C(=O)c2ccc(-n3ncc(=O)[nH]c3=O)cc2)c(C)c1,VIVNULWXPVIIGJ-UHFFFAOYSA-N,,DECOY,0,O=C(c1ccccc1)c1ccc(-n2ncc(=O)[nH]c2=O)cc1,train
,O=C(c1ccc(Cl)cc1)c1ccc(-n2ncc(=O)[nH]c2=O)cc1,YFCMCLDTQXKALJ-UHFFFAOYSA-N,,DECOY,0,O=C(c1ccccc1)c1ccc(-n2ncc(=O)[nH]c2=O)cc1,train
,c1cncc(CN2CCN(CC3CCCCN3)CC2)c1,DRPRVZRXXKNQLM-UHFFFAOYSA-N,,DECOY,0,c1cncc(CN2CCN(CC3CCCCN3)CC2)c1,train
,c1cc(CN2CCN(CC3CCCCN3)CC2)ccn1,MOELVVIGJQKOLV-UHFFFAOYSA-N,,DECOY,0,c1cc(CN2CCN(CC3CCCCN3)CC2)ccn1,train
,CN1CCCCC1CN1CCN(Cc2ccncc2)CC1,PZJPTHPHWYPBQZ-UHFFFAOYSA-N,,DECOY,0,c1cc(CN2CCN(CC3CCCCN3)CC2)ccn1,train
,CN1CCCCC1CN1CCN(Cc2cccnc2)CC1,HCDQDLCIQSKJEO-UHFFFAOYSA-N,,DECOY,0,c1cncc(CN2CCN(CC3CCCCN3)CC2)c1,train
,O=c1cnn(-c2ccc(-c3ccc4oc5ccc(Cl)cc5c(=O)c4c3)cc2)c(=O)[nH]1,AXNYGOALTATYES-UHFFFAOYSA-N,,DECOY,0,O=c1cnn(-c2ccc(-c3ccc4oc5ccccc5c(=O)c4c3)cc2)c(=O)[nH]1,train
,COc1cc2nc(N3CCN(C(=O)c4ccc(N=C=S)c(I)c4)CC3)nc(N)c2cc1OC,CZNDELGMGXKRTL-UHFFFAOYSA-N,,DECOY,0,O=C(c1ccccc1)N1CCN(c2ncc3ccccc3n2)CC1,train
,COc1cc2nc(N3CCN(/C(S)=N/c4ccc(NC(=S)N5CC5)cc4)CC3)nc(N)c2cc1OC,ZDTUYWZUJAPFKV-UHFFFAOYSA-N,,DECOY,0,S=C(Nc1ccc(N=CN2CCN(c3ncc4ccccc4n3)CC2)cc1)N1CC1,train
,CN1CCC[C@H]1CN1CCN(Cc2cccnc2)CC1,ULRNQAZROUDCII-INIZCTEOSA-N,,DECOY,0,c1cncc(CN2CCN(CC3CCCN3)CC2)c1,train
,COc1cc2nc(N3CCN(C(=O)c4ccco4)CC3)nc(N)c2cc1OC,IENZQIKPVFGBNW-UHFFFAOYSA-N,,DECOY,0,O=C(c1ccco1)N1CCN(c2ncc3ccccc3n2)CC1,train
,COC(=O)/C=C/C=C/C(=O)N1CCN(c2nc(N)c3cc(OC)c(OC)cc3n2)CC1,LSWGVLAKCJCDNW-YDFGWWAZSA-N,,DECOY,0,c1ccc2nc(N3CCNCC3)ncc2c1,train
,COc1cc2nc(N3CCN(C(=O)C4OC4c4ccccc4)CC3)nc(N)c2cc1OC,HCCHLOLDFKYQCN-UHFFFAOYSA-N,,DECOY,0,O=C(C1OC1c1ccccc1)N1CCN(c2ncc3ccccc3n2)CC1,train
,COc1cc2nc(N3CCN(C(=O)/C=C/C(=O)c4ccccc4)CC3)nc(N)c2cc1OC,DZZRILBQFKPYLY-CMDGGOBGSA-N,,DECOY,0,O=C(C=CC(=O)N1CCN(c2ncc3ccccc3n2)CC1)c1ccccc1,train
,COc1cc2nc(N3CCN(C(=O)c4ccc5ccccc5c4)CC3)nc(N)c2cc1OC,RNQYGMOUFHXINE-UHFFFAOYSA-N,,DECOY,0,O=C(c1ccc2ccccc2c1)N1CCN(c2ncc3ccccc3n2)CC1,train
,COc1cc2nc(N3CCN(C(=O)c4cccc(CCl)c4)CC3)nc(N)c2cc1OC,KRFFYWFYIARGFH-UHFFFAOYSA-N,,DECOY,0,O=C(c1ccccc1)N1CCN(c2ncc3ccccc3n2)CC1,train
,O=c1oc2c(O)c(O)ccc2c2ccc(O)cc12,YDELCCFAMXESST-UHFFFAOYSA-N,,DECOY,0,O=c1oc2ccccc2c2ccccc12,train
,O=c1oc2ccccc2c2ccccc12,TVKNXKLYVUVOCV-UHFFFAOYSA-N,,DECOY,0,O=c1oc2ccccc2c2ccccc12,train
,O=c1oc2c(O)c(O)ccc2c2ccccc12,XVLDXKNPWFEZHU-UHFFFAOYSA-N,,DECOY,0,O=c1oc2ccccc2c2ccccc12,train
,O=c1oc2ccccc2c2cc(O)c(O)cc12,RNGUQXOVPRCDIT-UHFFFAOYSA-N,,DECOY,0,O=c1oc2ccccc2c2ccccc12,train
,O=c1oc2cc(O)c(O)cc2c2cc(O)c(O)cc12,OSFIGXJLZQHGJN-UHFFFAOYSA-N,,DECOY,0,O=c1oc2ccccc2c2ccccc12,train
,C=C(C=O)C[C@H]1C[C@H](O)[C@]2(C)O[C@@H]3C[C@@H]4O[C@@H]5C[C@]6(C)O[C@]7(C)CC[C@@H]8O[C@@H]9C[C@]%10(C)O[C@@H]%11C(C)=CC(=O)O[C@H]%11C[C@H]%10O[C@H]9C[C@@H](C)[C@H]8O[C@H]7C[C@H]6O[C@@]5(C)C/C=C\[C@H]4O[C@H]3C[C@H]2O1,LYTCVQQGCSNFJU-LKGYBJPKSA-N,,DECOY,0,O=C1C=CC2OC3CC4OC5CCC6OC7CC8OC9CC%10OC%11CCCOC%11CC%10OC9C=CCC8OC7CC6OC5CCC4OC3CC2O1,train
,CN1CCC[C@H]1c1cccnc1,SNICXCGAKADSCV-JTQLQIEISA-N,,DECOY,0,c1cncc(C2CCCN2)c1,train
,c1cncc([C@@H]2CCCN2)c1,MYKUKUCHPMASKF-VIFPVBQESA-N,,DECOY,0,c1cncc(C2CCCN2)c1,train
,CCC(C)(C)NC(=O)OCC1CN(C(=O)c2cc(OC)c(OC)c(OC)c2)CCN1C(=O)c1cc(OC)c(OC)c(OC)c1,LKBCROIQZFFNCS-UHFFFAOYSA-N,,DECOY,0,O=C(c1ccccc1)N1CCN(C(=O)c2ccccc2)CC1,train
,COc1cc(C(=O)N2CCN(C(=O)c3cc(OC)c(OC)c(OC)c3)C(COC(=O)NC(C)CC(C)C)C2)cc(OC)c1OC,VJAMGEUEUBUVCW-UHFFFAOYSA-N,,DECOY,0,O=C(c1ccccc1)N1CCN(C(=O)c2ccccc2)CC1,train
,CCCC(C)NC(=O)OCC1CN(C(=O)c2cc(OC)c(OC)c(OC)c2)CCN1C(=O)c1cc(OC)c(OC)c(OC)c1,SGVUFQYRNRMBDS-UHFFFAOYSA-N,,DECOY,0,O=C(c1ccccc1)N1CCN(C(=O)c2ccccc2)CC1,train
,c1cncc(CN2CCN(C[C@@H]3CCCN3)CC2)c1,QBFPSJCRZCHYJC-HNNXBMFYSA-N,,DECOY,0,c1cncc(CN2CCN(CC3CCCN3)CC2)c1,train
,O=c1oc2c(O)c(O)ccc2c2cc(F)ccc12,DTDCPMLDXTXQEE-UHFFFAOYSA-N,,DECOY,0,O=c1oc2ccccc2c2ccccc12,train
,O=c1oc2c(Cl)c(Cl)ccc2c2cc(O)c(O)cc12,FCRQLOVPMZBSNS-UHFFFAOYSA-N,,DECOY,0,O=c1oc2ccccc2c2ccccc12,train
,Cc1cc(O)c(O)c2oc(=O)c3ccc(F)cc3c12,YHPDGXMHLMRDHU-UHFFFAOYSA-N,,DECOY,0,O=c1oc2ccccc2c2ccccc12,train
,O=C1c2cc(O)c(O)cc2-c2cc(O)c(O)cc21,VODSLSVJNDQUQW-UHFFFAOYSA-N,,DECOY,0,O=C1c2ccccc2-c2ccccc21,train
,O=c1oc2c(F)c(F)ccc2c2cc(O)c(O)cc12,RLKJYLCMFBGRQV-UHFFFAOYSA-N,,DECOY,0,O=c1oc2ccccc2c2ccccc12,train
,O=c1oc2cc(O)c(O)cc2c2cc(F)ccc12,DYFXUXQNEFOUSN-UHFFFAOYSA-N,,DECOY,0,O=c1oc2ccccc2c2ccccc12,train
,C[C@]12CCC3C(CC=C4C[C@@H](O)[C@H]5COC[C@]43C5)C1CC[C@@H]2OC1CC1,NXHVROPEBMRJEZ-XQTJTSDDSA-N,,DECOY,0,C1=C2CCC3COCC2(C3)C2CCC3C(OC4CC4)CCC3C2C1,train
,C[C@]12CCC(=O)C=C1C(=O)CC1C2CC[C@@]2(C)C1CC[C@@H]2OC1CC1,AXYMUXKMWNDOHO-GQOMOGQJSA-N,,DECOY,0,O=C1C=C2C(=O)CC3C(CCC4C(OC5CC5)CCC43)C2CC1,train
,O=c1oc2c(O)c(O)ccc2c2cc(O)c(O)cc12,NEZDQSKPNPRYAW-UHFFFAOYSA-N,,DECOY,0,O=c1oc2ccccc2c2ccccc12,train
,COc1cc(C(=O)N2CCN(C(=O)c3cc(OC)c(OC)c(OC)c3)C(COC(=O)NCC(C)(C)C)C2)cc(OC)c1OC,ZJUIACXULIBYQJ-UHFFFAOYSA-N,,DECOY,0,O=C(c1ccccc1)N1CCN(C(=O)c2ccccc2)CC1,train
,COc1cc(C(=O)N2CCN(C(=O)c3cc(OC)c(OC)c(OC)c3)C(COC(=O)NC(C)(C)C)C2)cc(OC)c1OC,SOMBNBNRGKHTPF-UHFFFAOYSA-N,,DECOY,0,O=C(c1ccccc1)N1CCN(C(=O)c2ccccc2)CC1,train
,CCCCCCCC(=O)OCC1CN(C(=O)c2cc(OC)c(OC)c(OC)c2)CCN1C(=O)c1cc(OC)c(OC)c(OC)c1,HRAVCYOABUOCGK-UHFFFAOYSA-N,,DECOY,0,O=C(c1ccccc1)N1CCN(C(=O)c2ccccc2)CC1,train
,CCCCCCCCCC(=O)OCC1CN(C(=O)c2cc(OC)c(OC)c(OC)c2)CCN1C(=O)c1cc(OC)c(OC)c(OC)c1,OYHTTZDJDLVHDP-UHFFFAOYSA-N,,DECOY,0,O=C(c1ccccc1)N1CCN(C(=O)c2ccccc2)CC1,train
,COc1cc(C(=O)N2CCN(C(=O)c3cc(OC)c(OC)c(OC)c3)C(COC(C)=O)C2)cc(OC)c1OC,KRGMLTJKLQEHOZ-UHFFFAOYSA-N,,DECOY,0,O=C(c1ccccc1)N1CCN(C(=O)c2ccccc2)CC1,train
,CCCCCCCCNC(=O)OCC1CN(C(=O)c2cc(OC)c(OC)c(OC)c2)CCN1C(=O)c1cc(OC)c(OC)c(OC)c1,BSDZFTJWNPWDIZ-UHFFFAOYSA-N,,DECOY,0,O=C(c1ccccc1)N1CCN(C(=O)c2ccccc2)CC1,train
,CCCCCCCCCCCCCCCCCC(=O)OCC1CN(C(=O)c2cc(OC)c(OC)c(OC)c2)CCN1C(=O)c1cc(OC)c(OC)c(OC)c1,RIPBNIBRYTXDLA-UHFFFAOYSA-N,,DECOY,0,O=C(c1ccccc1)N1CCN(C(=O)c2ccccc2)CC1,train
,Cn1c(CC(=O)O)cc(CO)c1C(=O)c1ccc(Cl)cc1,FBQJXWWENUWXNP-UHFFFAOYSA-N,,DECOY,0,O=C(c1ccccc1)c1ccc[nH]1,train
,COc1cc(C(=O)N2CCN(C(=O)c3cc(OC)c(OC)c(OC)c3)C(COC(=O)COc3ccc(Cl)cc3)C2)cc(OC)c1OC,XESVLIGJOTXWMD-UHFFFAOYSA-N,,DECOY,0,O=C(COc1ccccc1)OCC1CN(C(=O)c2ccccc2)CCN1C(=O)c1ccccc1,train
,COc1cc(C(=O)N2CCN(C(=O)c3cc(OC)c(OC)c(OC)c3)C(COC(=O)COc3ccc(F)cc3)C2)cc(OC)c1OC,XHWFWJNBJZSGFU-UHFFFAOYSA-N,,DECOY,0,O=C(COc1ccccc1)OCC1CN(C(=O)c2ccccc2)CCN1C(=O)c1ccccc1,train
,C[C@]12CCC(=O)C=C1CCC1C2CC[C@@]2(C)C1CC[C@@H]2OC1CC1,VFUUEBWDCNNJEJ-OPBBSMSLSA-N,,DECOY,0,O=C1C=C2CCC3C(CCC4C(OC5CC5)CCC43)C2CC1,train
,CC1(C)C2=CCC3C(CC[C@@]4(C)C3CC[C@@H]4OC3CC3)[C@@]2(C)CC[C@@H]1O,MRAKBRVMYBYECZ-PWYMKKGTSA-N,,DECOY,0,C1=C2CCCCC2C2CCC3C(OC4CC4)CCC3C2C1,train
,CC1COc2c(N3CCN(C)CC3)c(F)cc3c(=O)c(C(=O)O)cn1c23,GSDSWSVVBLHKDQ-UHFFFAOYSA-N,,DECOY,0,O=c1ccn2c3c(c(N4CCNCC4)ccc13)OCC2,train
,CCn1cc(C(=O)O)c(=O)c2ccc(C)nc21,MHWLWQUZZRMNGJ-UHFFFAOYSA-N,,DECOY,0,O=c1cc[nH]c2ncccc12,train
,O=c1oc2c(O)c(O)cc3c(=O)oc4c(O)c(O)cc1c4c23,AFSDNFLWKVMVRB-UHFFFAOYSA-N,,DECOY,0,O=c1oc2cccc3c(=O)oc4cccc1c4c23,train
,Cc1cc(O)c(O)c2oc(=O)c3cc(O)c(O)cc3c12,UBHGPVRGRFZAEU-UHFFFAOYSA-N,,DECOY,0,O=c1oc2ccccc2c2ccccc12,train
,CCC(CC)C(=O)OCC1CN(C(=O)c2cc(OC)c(OC)c(OC)c2)CCN1C(=O)c1cc(OC)c(OC)c(OC)c1,ZBRLGJYJSHQDOY-UHFFFAOYSA-N,,DECOY,0,O=C(c1ccccc1)N1CCN(C(=O)c2ccccc2)CC1,train
,CC(=O)/C=C/CC1C(=O)N2[C@@H](C(=O)O)C(C)(C)S(=O)(=O)[C@@H]12,MVFOBYCNFIYDLC-OKGGOOFDSA-N,,DECOY,0,O=C1CC2N1CCS2(=O)=O,train
,C=Cn1cc(C(=O)O)c(=O)c2cc(F)c(N3CCC(CNCC)C3)c(F)c21,QDHPRAPAONIUPQ-UHFFFAOYSA-N,,DECOY,0,O=c1cc[nH]c2cc(N3CCCC3)ccc12,train
,CCN(CC)CCN(Cc1ccc(-c2ccc(C(F)(F)F)cc2)cc1)C(=O)Cn1c(SCc2ccc(F)cc2)nc(=O)c2c1CCC2,WDPFJWLDPVQCAJ-UHFFFAOYSA-N,,DECOY,0,O=C(Cn1c(SCc2ccccc2)nc(=O)c2c1CCC2)NCc1ccc(-c2ccccc2)cc1,train
,CC[C@H](NC(=O)[C@H](CC1CCCCC1)NC(=O)[C@@H](NC(=O)[C@H](CC(C)C)NC(=O)c1cnccn1)[C@@H](C)CC)C(=O)C(=O)N[C@@H](CCCCN)C(=O)O,PFHINVNYVSTJQP-VAZFOVGVSA-N,,DECOY,0,O=C(CNC(=O)CNC(=O)c1cnccn1)NCCC1CCCCC1,train
,CCCCCN(CCCCC)C(=O)OCC1CN(C(=O)c2cc(OC)c(OC)c(OC)c2)CCN1C(=O)c1cc(OC)c(OC)c(OC)c1,AKUMVPRSWUGFHR-UHFFFAOYSA-N,,DECOY,0,O=C(c1ccccc1)N1CCN(C(=O)c2ccccc2)CC1,train
,CCCCN(CCCC)C(=O)OCC1CN(C(=O)c2cc(OC)c(OC)c(OC)c2)CCN1C(=O)c1cc(OC)c(OC)c(OC)c1,KOMAGQAIKGCREJ-UHFFFAOYSA-N,,DECOY,0,O=C(c1ccccc1)N1CCN(C(=O)c2ccccc2)CC1,train
,CCCC(=O)OCC1CN(C(=O)c2cc(OC)c(OC)c(OC)c2)CCN1C(=O)c1cc(OC)c(OC)c(OC)c1,IWRWPHXCANDKPP-UHFFFAOYSA-N,,DECOY,0,O=C(c1ccccc1)N1CCN(C(=O)c2ccccc2)CC1,train
,CCCN(CCC)C(=O)OCC1CN(C(=O)c2cc(OC)c(OC)c(OC)c2)CCN1C(=O)c1cc(OC)c(OC)c(OC)c1,HZWQZAAOTLGOMR-UHFFFAOYSA-N,,DECOY,0,O=C(c1ccccc1)N1CCN(C(=O)c2ccccc2)CC1,train
,CCN(CC)C(=O)OCC1CN(C(=O)c2cc(OC)c(OC)c(OC)c2)CCN1C(=O)c1cc(OC)c(OC)c(OC)c1,QKSXEJNMSRTCRE-UHFFFAOYSA-N,,DECOY,0,O=C(c1ccccc1)N1CCN(C(=O)c2ccccc2)CC1,train
,COc1cc(NC(=O)OCC2CN(C(=O)c3cc(OC)c(OC)c(OC)c3)CCN2C(=O)c2cc(OC)c(OC)c(OC)c2)cc(OC)c1OC,WKNNLSGOPCKNBX-UHFFFAOYSA-N,,DECOY,0,O=C(Nc1ccccc1)OCC1CN(C(=O)c2ccccc2)CCN1C(=O)c1ccccc1,train
,CCC(CC)NC(=O)OCC1CN(C(=O)c2cc(OC)c(OC)c(OC)c2)CCN1C(=O)c1cc(OC)c(OC)c(OC)c1,SBHBWISDHLCEJR-UHFFFAOYSA-N,,DECOY,0,O=C(c1ccccc1)N1CCN(C(=O)c2ccccc2)CC1,train
,CCC(C)CNC(=O)OCC1CN(C(=O)c2cc(OC)c(OC)c(OC)c2)CCN1C(=O)c1cc(OC)c(OC)c(OC)c1,OQXNKIVBKDLXLO-UHFFFAOYSA-N,,DECOY,0,O=C(c1ccccc1)N1CCN(C(=O)c2ccccc2)CC1,train
,CCCCC(CC)CNC(=O)OCC1CN(C(=O)c2cc(OC)c(OC)c(OC)c2)CCN1C(=O)c1cc(OC)c(OC)c(OC)c1,RRRURLRTEPJQRT-UHFFFAOYSA-N,,DECOY,0,O=C(c1ccccc1)N1CCN(C(=O)c2ccccc2)CC1,train
,COc1cc(C(=O)N2CCN(C(=O)c3cc(OC)c(OC)c(OC)c3)C(COC(=O)NCCC(C)C)C2)cc(OC)c1OC,DFMYYPWUKJDYRZ-UHFFFAOYSA-N,,DECOY,0,O=C(c1ccccc1)N1CCN(C(=O)c2ccccc2)CC1,train
,COc1cc(C(=O)N2CCN(C(=O)c3cc(OC)c(OC)c(OC)c3)C(COC(=O)NC(C)C(C)C)C2)cc(OC)c1OC,YMQNGBBYGZIAGG-UHFFFAOYSA-N,,DECOY,0,O=C(c1ccccc1)N1CCN(C(=O)c2ccccc2)CC1,train
,CCCCCC(=O)OCC1CN(C(=O)c2cc(OC)c(OC)c(OC)c2)CCN1C(=O)c1cc(OC)c(OC)c(OC)c1,URTKPOVVQZNBPW-UHFFFAOYSA-N,,DECOY,0,O=C(c1ccccc1)N1CCN(C(=O)c2ccccc2)CC1,train
,Cc1nccn1CCCCc1ccc(CC(=O)N[C@H](CO)Cc2ccc(OCCC3CCCCC3)c(CCCN)c2)cc1,YNCAROCYIGDSNF-UMSFTDKQSA-N,,DECOY,0,O=C(Cc1ccc(CCCCn2ccnc2)cc1)NCCc1ccc(OCCC2CCCCC2)cc1,train
,COc1cc(C(=O)N2CCN(C(=O)c3cc(OC)c(OC)c(OC)c3)C(COC(=O)C(C)(C)C)C2)cc(OC)c1OC,BXIGZIXGNMVVFJ-UHFFFAOYSA-N,,DECOY,0,O=C(c1ccccc1)N1CCN(C(=O)c2ccccc2)CC1,train
,COc1ccc2c(c1)c(CC(=O)O)c(C)n2C(=O)c1ccc(Cl)cc1,CGIGDMFJXJATDK-UHFFFAOYSA-N,,DECOY,0,O=C(c1ccccc1)n1ccc2ccccc21,train
,O=C(C1CCCCN1)N1CCN(Cc2ccncc2)CC1,GUHWAALAWWMKDC-UHFFFAOYSA-N,,DECOY,0,O=C(C1CCCCN1)N1CCN(Cc2ccncc2)CC1,train
,O=C(C1CCCCN1)N1CCN(Cc2ccccn2)CC1,OGWMZJGJKKFPMX-UHFFFAOYSA-N,,DECOY,0,O=C(C1CCCCN1)N1CCN(Cc2ccccn2)CC1,train
,O=C([C@@H]1CCCN1)N1CCN(Cc2cccnc2)CC1,GKYJISXEGKBJGV-AWEZNQCLSA-N,,DECOY,0,O=C(C1CCCN1)N1CCN(Cc2cccnc2)CC1,train
,O=C([C@@H]1CCCN1)N1CCN(Cc2ccccn2)CC1,FBAPMAZOFDLVQE-AWEZNQCLSA-N,,DECOY,0,O=C(C1CCCN1)N1CCN(Cc2ccccn2)CC1,train
,COc1cc(C(=O)N2CCN(C(=O)c3cc(OC)c(OC)c(OC)c3)C(COC(=O)CC(C)(C)C)C2)cc(OC)c1OC,ZVGSBMSQLRSOHN-UHFFFAOYSA-N,,DECOY,0,O=C(c1ccccc1)N1CCN(C(=O)c2ccccc2)CC1,train
,C[C@]12CC[C@H](O)CC1=CCC1C2CC[C@@]2(C)C1CC[C@@H]2OC1CC1,POSDCFGKQJATFR-WCYMMUEPSA-N,,DECOY,0,C1=C2CCCCC2C2CCC3C(OC4CC4)CCC3C2C1,train
,C[C@]12CCC3C(CCC4=CC(=O)[C@H]5COC[C@]43C5)C1CC[C@@H]2OC1CC1,VAEMUJTUEPUFST-YHRPNKESSA-N,,DECOY,0,O=C1C=C2CCC3C4CCC(OC5CC5)C4CCC3C23COCC1C3,train
,CCC(CC)C(=O)OCC1CN(Cc2cc(OC)c(OC)c(OC)c2)CCN1Cc1cc(OC)c(OC)c(OC)c1,YBFGTQXXZOBAGN-UHFFFAOYSA-N,,DECOY,0,c1ccc(CN2CCN(Cc3ccccc3)CC2)cc1,train
,COc1cc(N2CCN(c3cc(OC)c(OC)c(OC)c3)CC2)cc(OC)c1OC,VCGBVLOXSFYYES-UHFFFAOYSA-N,,DECOY,0,c1ccc(N2CCN(c3ccccc3)CC2)cc1,train
,COc1cc(C(=O)N2CCN(C(=O)c3cc(OC)c(OC)c(OC)c3)CC2)cc(OC)c1OC,RSMOCRIXTHPCBX-UHFFFAOYSA-N,,DECOY,0,O=C(c1ccccc1)N1CCN(C(=O)c2ccccc2)CC1,train
,Cc1nccn1CCCCc1ccc(CC(=O)N[C@H](CO)Cc2ccc(OCCC3CCCCC3)c(CCCCN)c2)cc1,POMULZQWVZXZEN-DHUJRADRSA-N,,DECOY,0,O=C(Cc1ccc(CCCCn2ccnc2)cc1)NCCc1ccc(OCCC2CCCCC2)cc1,train
,Cc1nccn1CCCCc1ccc(CC(=O)N[C@@H](CO)Cc2ccc(OCCC3CCCCC3)c(CCCN)c2)cc1,YNCAROCYIGDSNF-UUWRZZSWSA-N,,DECOY,0,O=C(Cc1ccc(CCCCn2ccnc2)cc1)NCCc1ccc(OCCC2CCCCC2)cc1,train
,CCCCNC(=O)OCC1CN(C(=O)c2cc(OC)c(OC)c(OC)c2)CCN1C(=O)c1cc(OC)c(OC)c(OC)c1,KFLCKESTWZJUOI-UHFFFAOYSA-N,,DECOY,0,O=C(c1ccccc1)N1CCN(C(=O)c2ccccc2)CC1,train
,N[C@@H](CCC(=O)Nc1ccc([N+](=O)[O-])cc1)C(=O)O,WMZTYIRRBCGARG-VIFPVBQESA-N,,DECOY,0,c1ccccc1,train
,COC(=O)[C@@H](N)CO,ANSUDRATXSJBLY-VKHMYHEASA-N,,DECOY,0,,train
,Cl.N[C@@H](CNC(=O)Nc1ccc([N+](=O)[O-])cc1)C(=O)O,KPKQOLNYYNTYFV-QRPNPIFTSA-N,,DECOY,0,c1ccccc1,train
,COC(=O)[C@@H](N)COC(=O)Nc1ccc([N+](=O)[O-])cc1.Cl,XXDDRLCOWXFJBD-FVGYRXGTSA-N,,DECOY,0,c1ccccc1,train
,COC(=O)[C@@H](N)CCC(=O)Nc1ccc([N+](=O)[O-])cc1.Cl,CHFLGKQWUSPWSQ-PPHPATTJSA-N,,DECOY,0,c1ccccc1,train
,CON(C)C(=O)/C=C/CC1C(=O)N2[C@@H]1[S+]([O-])C(C)(C)[C@@H]2C(=O)O,NODZXNWCPAUXPG-IDLZWDITSA-N,,DECOY,0,O=C1CC2[SH+]CCN12,train
,CC1(C)[C@H](C(=O)O)N2C(=O)C(C/C=C/C=O)[C@H]2S1(=O)=O,APLLQHCDOOGSFW-OQAFJANISA-N,,DECOY,0,O=C1CC2N1CCS2(=O)=O,train
,CC1(C)[C@H](C(=O)O)N2C(=O)C[C@H]2S1(=O)=O,FKENQMMABCRJMK-RITPCOANSA-N,,DECOY,0,O=C1CC2N1CCS2(=O)=O,train
,CCNCC1CCN(c2c(F)cc3c(=O)c(C(=O)O)cn(OC)c3c2F)C1,XHJMRSGFFAWHKF-UHFFFAOYSA-N,,DECOY,0,O=c1cc[nH]c2cc(N3CCCC3)ccc12,train
,CCNCC1CCN(c2c(F)cc3c(=O)c(C(=O)O)cn(C4CC4C)c3c2F)C1,XPYFMRJMSWBCNG-UHFFFAOYSA-N,,DECOY,0,O=c1ccn(C2CC2)c2cc(N3CCCC3)ccc12,train
,CC(C)C[C@H](NC(=O)[C@H](C)N)C(=O)N[C@@H](Cc1ccc(O)cc1)C(=O)N[C@@H](C)C(=O)N[C@@H](CO)C(=O)N[C@@H](CCCCN)C(=O)N[C@@H](CC(C)C)C(=O)N[C@@H](CO)C(N)=O,VWRQXSZGVCPPJA-LXPLJTSZSA-N,,DECOY,0,c1ccccc1,train
,COC(=O)[C@@H](N)CNC(=O)Nc1ccc([N+](=O)[O-])cc1.Cl,AEBBOZYZDNRCHF-FVGYRXGTSA-N,,DECOY,0,c1ccccc1,train
,CC(=O)/C=C/CC1C(=O)N2[C@@H](C(=O)O)C(C)(C)S(=O)(=O)[C@H]12,MVFOBYCNFIYDLC-RWZNOURBSA-N,,DECOY,0,O=C1CC2N1CCS2(=O)=O,train
,COC(=O)/C=C/CC1C(=O)N2[C@@H](C(=O)O)C(C)(C)S(=O)(=O)[C@H]12,WHIIGHHQWOXKEP-ASQRRCTNSA-N,,DECOY,0,O=C1CC2N1CCS2(=O)=O,train
,CCNCC1CCN(c2c(F)cc3c(=O)c(C(=O)O)cn(C(C)C)c3c2F)C1,GUTIIQCJYCJEHT-UHFFFAOYSA-N,,DECOY,0,O=c1cc[nH]c2cc(N3CCCC3)ccc12,train
,CCNCC1CCN(c2c(F)cc3c(=O)c(C(=O)O)cn(C4CCCC4)c3c2F)C1,YTFLEBJQRSWDNB-UHFFFAOYSA-N,,DECOY,0,O=c1ccn(C2CCCC2)c2cc(N3CCCC3)ccc12,train
,CCNCC1CCN(c2c(F)cc3c(=O)c(C(=O)O)cn(-c4ccc(F)cc4)c3c2F)C1,FXQNQEKWVGWJLT-UHFFFAOYSA-N,,DECOY,0,O=c1ccn(-c2ccccc2)c2cc(N3CCCC3)ccc12,train
,CN1CCN(c2cc3c(cc2F)c(=O)c(C(=O)O)cn3-c2ccc(F)cc2)CC1,NOCJXYPHIIZEHN-UHFFFAOYSA-N,,DECOY,0,O=c1ccn(-c2ccccc2)c2cc(N3CCNCC3)ccc12,train
,C[C@]1(Cn2ccnn2)[C@H](C(=O)O)N2C(=O)C[C@H]2S1(=O)=O,LPQZKKCYTLCDGQ-WEDXCCLWSA-N,,DECOY,0,O=C1CC2N1CC(Cn1ccnn1)S2(=O)=O,train
,CN1CCN(c2c(F)cc3c(=O)c(C(=O)O)cn(CCF)c3c2F)CC1,XBJBPGROQZJDOJ-UHFFFAOYSA-N,,DECOY,0,O=c1cc[nH]c2cc(N3CCNCC3)ccc12,train
,CCNCC1CCN(c2c(F)cc3c(=O)c(C(=O)O)cn(C)c3c2F)C1,RIEVEPATIOSOBL-UHFFFAOYSA-N,,DECOY,0,O=c1cc[nH]c2cc(N3CCCC3)ccc12,train
,CCNCC1CCN(c2c(F)cc3c(=O)c(C(=O)O)cn(C4CCCCC4)c3c2F)C1,QAORMUHKVFMXKK-UHFFFAOYSA-N,,DECOY,0,O=c1ccn(C2CCCCC2)c2cc(N3CCCC3)ccc12,train
,Cn1cc(C2=C(c3cn(CCCSC(=N)N)c4ccccc34)C(=O)NC2=O)c2ccccc21,DSXXEELGXBCYNQ-UHFFFAOYSA-N,,DECOY,0,O=C1NC(=O)C(c2c[nH]c3ccccc23)=C1c1c[nH]c2ccccc12,train
,Cn1cc(C2=C(c3cn(CCC[N+](C)(C)C)c4ccccc34)C(=O)NC2=O)c2ccccc21,AOJGRFPNHCPECH-UHFFFAOYSA-O,,DECOY,0,O=C1NC(=O)C(c2c[nH]c3ccccc23)=C1c1c[nH]c2ccccc12,train
,Cn1cc(C2=C(c3cn(CCCCC(=N)N)c4ccccc34)C(=O)NC2=O)c2ccccc21,XIFBOSNPWOEMFB-UHFFFAOYSA-N,,DECOY,0,O=C1NC(=O)C(c2c[nH]c3ccccc23)=C1c1c[nH]c2ccccc12,train
,CN(C)CCCn1cc(C2=C(c3cn(C)c4ccccc34)C(=O)NC2=O)c2ccccc21,WHOOZDLAJIKMBZ-UHFFFAOYSA-N,,DECOY,0,O=C1NC(=O)C(c2c[nH]c3ccccc23)=C1c1c[nH]c2ccccc12,train
,Cn1cc(C2=C(c3cn(CCCN)c4ccccc34)C(=O)NC2=O)c2ccccc21,UQHKJRCFSLMWIA-UHFFFAOYSA-N,,DECOY,0,O=C1NC(=O)C(c2c[nH]c3ccccc23)=C1c1c[nH]c2ccccc12,train
,CCNCC1CCN(c2c(F)cc3c(=O)c(C(=O)O)cn(CC)c3c2F)C1,BAYYCLWCHFVRLV-UHFFFAOYSA-N,,DECOY,0,O=c1cc[nH]c2cc(N3CCCC3)ccc12,train
,CCNCC1CCN(c2c(F)cc3c(=O)c(C(=O)O)cn(C4CC4)c3c2F)C1,WDBGUJBLPRXPIX-UHFFFAOYSA-N,,DECOY,0,O=c1ccn(C2CC2)c2cc(N3CCCC3)ccc12,train
,Cn1cc(C2=C(c3cn(CCCN=C(N)N)c4ccccc34)C(=O)NC2=O)c2ccccc21,MFBWLCFHQHKTBP-UHFFFAOYSA-N,,DECOY,0,O=C1NC(=O)C(c2c[nH]c3ccccc23)=C1c1c[nH]c2ccccc12,train
,CC1(C)[C@H](C(=O)O)N2C(=O)C(C/C=C/C#N)[C@@H]2S1(=O)=O,HXCNDHVLZREMRV-QYJMCNQRSA-N,,DECOY,0,O=C1CC2N1CCS2(=O)=O,train
,COC(=O)/C=C/CC1C(=O)N2[C@@H](C(=O)O)C(C)(C)S(=O)(=O)[C@@H]12,WHIIGHHQWOXKEP-KWLOKCHISA-N,,DECOY,0,O=C1CC2N1CCS2(=O)=O,train
,CCNCC1CCN(c2c(F)cc3c(=O)c(C(=O)O)cn(CC(F)(F)F)c3c2F)C1,ZZNFWBPQXYSWJZ-UHFFFAOYSA-N,,DECOY,0,O=c1cc[nH]c2cc(N3CCCC3)ccc12,train
,Cn1cc(C2=C(c3cn(CCO)c4ccccc34)C(=O)NC2=O)c2ccccc21,SCANCBOXHLJFBT-UHFFFAOYSA-N,,DECOY,0,O=C1NC(=O)C(c2c[nH]c3ccccc23)=C1c1c[nH]c2ccccc12,train
,Cn1cc(C2=C(c3cn(CCCO)c4ccccc34)C(=O)NC2=O)c2ccccc21,FUVJGBQDHCCGCD-UHFFFAOYSA-N,,DECOY,0,O=C1NC(=O)C(c2c[nH]c3ccccc23)=C1c1c[nH]c2ccccc12,train
,Cn1cc(C2=C(c3cn(CCCCO)c4ccccc34)C(=O)NC2=O)c2ccccc21,DIBQJDJFXJGVJC-UHFFFAOYSA-N,,DECOY,0,O=C1NC(=O)C(c2c[nH]c3ccccc23)=C1c1c[nH]c2ccccc12,train
,Cn1cc(C2=C(c3cn(CCCCCO)c4ccccc34)C(=O)NC2=O)c2ccccc21,BSBODCATJMRXPP-UHFFFAOYSA-N,,DECOY,0,O=C1NC(=O)C(c2c[nH]c3ccccc23)=C1c1c[nH]c2ccccc12,train
,CNCCCn1cc(C2=C(c3cn(C)c4ccccc34)C(=O)NC2=O)c2ccccc21,AOUNSDICPNJTQM-UHFFFAOYSA-N,,DECOY,0,O=C1NC(=O)C(c2c[nH]c3ccccc23)=C1c1c[nH]c2ccccc12,train
,COc1ccc(-c2c(-c3ccccn3)nc3n2CCC3)cc1,WOBKXRJWEJOYSB-UHFFFAOYSA-N,,DECOY,0,c1ccc(-c2c(-c3ccccn3)nc3n2CCC3)cc1,train
,CCc1cc2c(Sc3nnc(N)s3)ncnc2s1,AUPONMVZYSWRCP-UHFFFAOYSA-N,,DECOY,0,c1nc(Sc2nncs2)c2ccsc2n1,train
,CNn1cc(C(=O)O)c(=O)c2cc(F)c(N3CCN(C)CC3)cc21,RUXPNBWPIRDVTH-UHFFFAOYSA-N,,DECOY,0,O=c1cc[nH]c2cc(N3CCNCC3)ccc12,train
,CCc1cc2c(O)ncnc2s1,GXZAQJCUXCKYKB-UHFFFAOYSA-N,,DECOY,0,c1ncc2ccsc2n1,train
,Cn1cc(C2=C(c3cn(CCCCCN)c4ccccc34)C(=O)NC2=O)c2ccccc21,MNDVTEUMTAQQKL-UHFFFAOYSA-N,,DECOY,0,O=C1NC(=O)C(c2c[nH]c3ccccc23)=C1c1c[nH]c2ccccc12,train
,Cn1cc(C2=C(c3cn(CCCCN)c4ccccc34)C(=O)NC2=O)c2ccccc21,SSAOZDCFQCAHNO-UHFFFAOYSA-N,,DECOY,0,O=C1NC(=O)C(c2c[nH]c3ccccc23)=C1c1c[nH]c2ccccc12,train
,CCNCC1CCN(c2c(F)cc3c(=O)c(C(=O)O)cn(CC4CC4)c3c2F)C1,ROSRDMGBYZQEHK-UHFFFAOYSA-N,,DECOY,0,O=c1ccn(CC2CC2)c2cc(N3CCCC3)ccc12,train
,CCNCC1CCN(c2c(F)cc3c(=O)c(C(=O)O)cn(NC)c3c2F)C1,COGAEMAFDYRGHN-UHFFFAOYSA-N,,DECOY,0,O=c1cc[nH]c2cc(N3CCCC3)ccc12,train
,C[N+]1([O-])CC=C(c2ccccc2)CC1,FZVSMNOAJGWONA-UHFFFAOYSA-N,,DECOY,0,C1=C(c2ccccc2)CC[NH2+]C1,train
,CCn1cc(C(=O)O)c(=O)c2cc(F)c(N3CCNCC3)cc21,OGJPXUAPXNRGGI-UHFFFAOYSA-N,,DECOY,0,O=c1cc[nH]c2cc(N3CCNCC3)ccc12,train
,Cn1cc(C2=C(c3cn(CCCCSC(=N)N)c4ccccc34)C(=O)NC2=O)c2ccccc21,JVSJCRIQHOQHFU-UHFFFAOYSA-N,,DECOY,0,O=C1NC(=O)C(c2c[nH]c3ccccc23)=C1c1c[nH]c2ccccc12,train
,CCNCC1CCN(c2c(F)cc3c(=O)c(C(=O)O)cn(CCF)c3c2F)C1,DYJAOVPMMTZXCS-UHFFFAOYSA-N,,DECOY,0,O=c1cc[nH]c2cc(N3CCCC3)ccc12,train
,O=C(O)c1ccc(-c2nc(-c3ccc4c(c3)OCO4)c(-c3ccccn3)[nH]2)cc1,LKZOWZZOQPWIFO-UHFFFAOYSA-N,,DECOY,0,c1ccc(-c2nc(-c3ccc4c(c3)OCO4)c(-c3ccccn3)[nH]2)cc1,train
,c1ccc(-c2nc3n(c2-c2ccc4c(c2)OCO4)CCC3)nc1,MUYFXUIFVHSJSW-UHFFFAOYSA-N,,DECOY,0,c1ccc(-c2nc3n(c2-c2ccc4c(c2)OCO4)CCC3)nc1,train
,Fc1ccc(-c2c(-c3ccccn3)nc3n2CCS3)cc1,SNCRNESYWIOWPY-UHFFFAOYSA-N,,DECOY,0,c1ccc(-c2c(-c3ccccn3)nc3n2CCS3)cc1,train
,Fc1ccc(-c2c(-c3ccccn3)nc3n2CCC3)cc1,QRDCJBZLKGOQNO-UHFFFAOYSA-N,,DECOY,0,c1ccc(-c2c(-c3ccccn3)nc3n2CCC3)cc1,train
,Fc1ccc(-c2c(-c3ccncc3)nc3n2CCS3)cc1,GLHFDXWSDZWRNN-UHFFFAOYSA-N,,DECOY,0,c1ccc(-c2c(-c3ccncc3)nc3n2CCS3)cc1,train
,Fc1ccc(-c2c(-c3cccnc3)nc3n2CCC3)cc1,NGUFJMKCHCGHMC-UHFFFAOYSA-N,,DECOY,0,c1ccc(-c2c(-c3cccnc3)nc3n2CCC3)cc1,train
,CCNCC1CCN(c2c(F)cc3c(=O)c(C(=O)O)cn(-c4nccs4)c3c2F)C1,MAVIDMIMQVTJOW-UHFFFAOYSA-N,,DECOY,0,O=c1ccn(-c2nccs2)c2cc(N3CCCC3)ccc12,train
,CCNCC1CCN(c2c(F)cc3c(=O)c(C(=O)O)cn(-c4ccccc4)c3c2F)C1,JFFJIAZEFCOBMB-UHFFFAOYSA-N,,DECOY,0,O=c1ccn(-c2ccccc2)c2cc(N3CCCC3)ccc12,train
,CCNCC1CCN(c2c(F)cc3c(=O)c(C(=O)O)cn(C4CCC4)c3c2F)C1,VFHLGYSGLIALFL-UHFFFAOYSA-N,,DECOY,0,O=c1ccn(C2CCC2)c2cc(N3CCCC3)ccc12,train
,CCNCC1CCN(c2c(F)cc3c(=O)c(C(=O)O)cn(C4(C)CC4)c3c2F)C1,IPQMSQPETCRJAK-UHFFFAOYSA-N,,DECOY,0,O=c1ccn(C2CC2)c2cc(N3CCCC3)ccc12,train
,Cn1cc(C2=C(c3cn(CCC/N=C(\N)N[N+](=O)[O-])c4ccccc34)C(=O)NC2=O)c2ccccc21,QWOYFIJNWGMAQA-UHFFFAOYSA-N,,DECOY,0,O=C1NC(=O)C(c2c[nH]c3ccccc23)=C1c1c[nH]c2ccccc12,train
,CCc1cc2c(Cl)ncnc2s1,IYTRSBKGPIDYHI-UHFFFAOYSA-N,,DECOY,0,c1ncc2ccsc2n1,train
,CCc1cc2c(Sc3nnc(C)s3)ncnc2s1,VDRMYOGBNZKFRX-UHFFFAOYSA-N,,DECOY,0,c1nc(Sc2nncs2)c2ccsc2n1,train
,CCc1cc2c(Nc3nnc(C)s3)ncnc2s1,BDGZXAUQGBHBST-UHFFFAOYSA-N,,DECOY,0,c1nc(Nc2nncs2)c2ccsc2n1,train
,Cc1ccc(Sc2cncc3sc(C(N)=O)cc23)cc1,QQGWEXFLMJGCAL-UHFFFAOYSA-N,,DECOY,0,c1ccc(Sc2cncc3sccc23)cc1,train
,Cc1ccc(Sc2ccnc3sc(C(N)=O)cc23)cc1,HCCGGYAWTMIWTN-UHFFFAOYSA-N,,DECOY,0,c1ccc(Sc2ccnc3sccc23)cc1,train
,COc1ccc2sc(C(N)=O)c(OC(C)C)c2c1,YNXSDBVUOOEWIK-UHFFFAOYSA-N,,DECOY,0,c1ccc2sccc2c1,train
,O=C(O)c1ccc(-c2nc(-c3ccc(F)cc3)c(-c3ccccn3)[nH]2)cc1,RQQBMRHOBFJBAW-UHFFFAOYSA-N,,DECOY,0,c1ccc(-c2nc(-c3ccccc3)c(-c3ccccn3)[nH]2)cc1,train
,N#Cc1ccc(-c2nc(-c3ccc4c(c3)OCO4)c(-c3ccccn3)[nH]2)cc1,ULAVWFANALBEHR-UHFFFAOYSA-N,,DECOY,0,c1ccc(-c2nc(-c3ccc4c(c3)OCO4)c(-c3ccccn3)[nH]2)cc1,train
,NC(=O)c1ccc(-c2nc(-c3ccccn3)c(-c3ccc4c(c3)OCO4)[nH]2)cc1,FHYUGAJXYORMHI-UHFFFAOYSA-N,,DECOY,0,c1ccc(-c2nc(-c3ccccn3)c(-c3ccc4c(c3)OCO4)[nH]2)cc1,train
,OCc1ccc(-c2nc(-c3ccccn3)c(-c3ccc4c(c3)OCO4)[nH]2)cc1,OXDOLEPGFYPERU-UHFFFAOYSA-N,,DECOY,0,c1ccc(-c2nc(-c3ccccn3)c(-c3ccc4c(c3)OCO4)[nH]2)cc1,train
,Cn1cc(C2=C(c3cn(CCN)c4ccccc34)C(=O)NC2=O)c2ccccc21,OZVIXSLTRMYODX-UHFFFAOYSA-N,,DECOY,0,O=C1NC(=O)C(c2c[nH]c3ccccc23)=C1c1c[nH]c2ccccc12,train
,Cn1cc(C2=C(c3cn(CCSC(=N)N)c4ccccc34)C(=O)NC2=O)c2ccccc21,OGEQEAYTMFZUQU-UHFFFAOYSA-N,,DECOY,0,O=C1NC(=O)C(c2c[nH]c3ccccc23)=C1c1c[nH]c2ccccc12,train
,Cn1cc(C2=C(c3cn(CCCCCSC(=N)N)c4ccccc34)C(=O)NC2=O)c2ccccc21,HPYZDMGHSZUKPM-UHFFFAOYSA-N,,DECOY,0,O=C1NC(=O)C(c2c[nH]c3ccccc23)=C1c1c[nH]c2ccccc12,train
,Cc1ccc(Sc2cncc3sc(CO)cc23)cc1,WJRCKUZHLDRTKL-UHFFFAOYSA-N,,DECOY,0,c1ccc(Sc2cncc3sccc23)cc1,train
,Cc1cc(C)cc(Sc2cncc3sc(C(N)=O)cc23)c1,FCRPXNKUUDMUOF-UHFFFAOYSA-N,,DECOY,0,c1ccc(Sc2cncc3sccc23)cc1,train
,Cc1ccc(Sc2cncc3sc(C(N)=O)cc23)cc1C,CHZNMKYYVJKVAE-UHFFFAOYSA-N,,DECOY,0,c1ccc(Sc2cncc3sccc23)cc1,train
,Cc1cccc(Sc2cncc3sc(C(N)=O)cc23)c1,UACRFIVYIWIGPW-UHFFFAOYSA-N,,DECOY,0,c1ccc(Sc2cncc3sccc23)cc1,train
,Cc1ccccc1Sc1cncc2sc(C(N)=O)cc12,UKYJEJDOFBKSDL-UHFFFAOYSA-N,,DECOY,0,c1ccc(Sc2cncc3sccc23)cc1,train
,NC(=O)c1cc2c(Sc3ccccc3)cncc2s1,ZNHBQYSWUBQOHO-UHFFFAOYSA-N,,DECOY,0,c1ccc(Sc2cncc3sccc23)cc1,train
,Cc1ccc(Sc2cncc3sc(/C=N/OCC(=O)O)cc23)cc1,JBRKJDSSPYHLAV-FBCYGCLPSA-N,,DECOY,0,c1ccc(Sc2cncc3sccc23)cc1,train
,Cc1ccc(Sc2cncc3sc(/C=N/OCc4ccccc4)cc23)cc1,KWCKGBDQLUCVPZ-WYMPLXKRSA-N,,DECOY,0,C(=NOCc1ccccc1)c1cc2c(Sc3ccccc3)cncc2s1,train
,Cc1ccc(Sc2cncc3sc(/C=N/Oc4ccccc4)cc23)cc1,SUTIBAVFDUBAHK-FSJBWODESA-N,,DECOY,0,C(=NOc1ccccc1)c1cc2c(Sc3ccccc3)cncc2s1,train
,Cc1ccc(Sc2cncc3sc(/C=N/O)cc23)cc1,IKLIWVJJRPHCBK-REZTVBANSA-N,,DECOY,0,c1ccc(Sc2cncc3sccc23)cc1,train
,NC(=O)c1cc2c(Cl)cncc2s1,VSCGXCOJFXTTTI-UHFFFAOYSA-N,,DECOY,0,c1cc2ccsc2cn1,train
,C/C(=N\O)c1cc2c(Sc3ccc(C)cc3)cncc2s1,OWLCNXXAKKVJLX-WOJGMQOQSA-N,,DECOY,0,c1ccc(Sc2cncc3sccc23)cc1,train
,Cc1ccc(Sc2cncc3sc(/C=N/OCC(N)=O)cc23)cc1,QDZRLXYXCIDAIW-IFRROFPPSA-N,,DECOY,0,c1ccc(Sc2cncc3sccc23)cc1,train
,C#CCN(Cc1ccc2nc(C)nc(O)c2c1)c1ccc(C(=O)N[C@@H](C(=O)O)c2cccc([N+](=O)[O-])c2)cc1,DXUMYPRUFRLLPV-RUZDIDTESA-N,,DECOY,0,O=C(NCc1ccccc1)c1ccc(NCc2ccc3ncncc3c2)cc1,train
,Cc1ccc(Sc2cncc3sc(C(=O)NN)cc23)cc1,FTUONNQXYRDSJJ-UHFFFAOYSA-N,,DECOY,0,c1ccc(Sc2cncc3sccc23)cc1,train
,COC(=O)c1cc2c(Sc3ccc(C)cc3)cncc2s1,ZRGXRYWWKICVIL-UHFFFAOYSA-N,,DECOY,0,c1ccc(Sc2cncc3sccc23)cc1,train
,Cc1ccc(Sc2cncc3sc(C(=O)O)cc23)cc1,XMFGQDABHQXFFK-UHFFFAOYSA-N,,DECOY,0,c1ccc(Sc2cncc3sccc23)cc1,train
,Cc1ccc(Sc2cncc3sc(C(=O)c4ccccc4)cc23)cc1,SHYPADXIXXYMGH-UHFFFAOYSA-N,,DECOY,0,O=C(c1ccccc1)c1cc2c(Sc3ccccc3)cncc2s1,train
,CC(=O)c1cc2c(Sc3ccc(C)cc3)cncc2s1,ZYKASDRUVLHDCC-UHFFFAOYSA-N,,DECOY,0,c1ccc(Sc2cncc3sccc23)cc1,train
,Cc1ccc(Sc2cncc3sc(C=O)cc23)cc1,YUDWJDUKAOPKOV-UHFFFAOYSA-N,,DECOY,0,c1ccc(Sc2cncc3sccc23)cc1,train
,Cc1ccc(Sc2cncc3sc(C(=O)N=C(N)N)cc23)cc1,MJUWXLAGWHBLRX-UHFFFAOYSA-N,,DECOY,0,c1ccc(Sc2cncc3sccc23)cc1,train
,CCc1cc2c(Sc3ccc(C)cc3)cncc2s1,RXBQQWRDZWCDNV-UHFFFAOYSA-N,,DECOY,0,c1ccc(Sc2cncc3sccc23)cc1,train
,CONC(=O)c1cc2c(Sc3ccc(C)cc3)cncc2s1,YLPWORNATWTQBL-UHFFFAOYSA-N,,DECOY,0,c1ccc(Sc2cncc3sccc23)cc1,train
,CON(C)C(=O)c1cc2c(Sc3ccc(C)cc3)cncc2s1,SOQHCJHLGFPETK-UHFFFAOYSA-N,,DECOY,0,c1ccc(Sc2cncc3sccc23)cc1,train
,NC(=O)c1cc2c(Sc3ccccn3)cncc2s1,PSKMZVNDTWWURQ-UHFFFAOYSA-N,,DECOY,0,c1ccc(Sc2cncc3sccc23)nc1,train
,NC(=O)c1cc2c(Sc3ccc(-c4ccccc4)cc3)cncc2s1,ZWUVBQXJINWOPT-UHFFFAOYSA-N,,DECOY,0,c1ccc(-c2ccc(Sc3cncc4sccc34)cc2)cc1,train
,COc1ccc(Sc2cncc3sc(C(N)=O)cc23)cc1,RMBAIZKYEXOATM-UHFFFAOYSA-N,,DECOY,0,c1ccc(Sc2cncc3sccc23)cc1,train
,NC(=O)c1cc2c(Sc3ccc(Br)cc3)cncc2s1,BSSKWUVAKNLPJS-UHFFFAOYSA-N,,DECOY,0,c1ccc(Sc2cncc3sccc23)cc1,train
,NC(=O)c1cc2c(Sc3ccc(Cl)c(Cl)c3)cncc2s1,QVUTVXHVMPGTGU-UHFFFAOYSA-N,,DECOY,0,c1ccc(Sc2cncc3sccc23)cc1,train
,NC(=O)c1cc2c(Sc3ccc(Cl)cc3)cncc2s1,FEALMGPTNALDDO-UHFFFAOYSA-N,,DECOY,0,c1ccc(Sc2cncc3sccc23)cc1,train
,Cc1ccc(Sc2cncc3sc(C(=O)NCC(O)CO)cc23)cc1,BIPSSPQUWRNOHP-UHFFFAOYSA-N,,DECOY,0,c1ccc(Sc2cncc3sccc23)cc1,train
,Cc1ccc(Sc2cncc3sc(C(=N)S)cc23)cc1,QLXROZMKZYNEFD-UHFFFAOYSA-N,,DECOY,0,c1ccc(Sc2cncc3sccc23)cc1,train
,CCC(c1cc(Br)c(O)c(Br)c1)C(CC)c1cc(Br)c(O)c(Br)c1,DQKVXTQTHINZKZ-UHFFFAOYSA-N,,DECOY,0,c1ccc(CCc2ccccc2)cc1,train
,CC(=O)OC1CC2(O)C3CCC4CC(OC=O)CCC4(C)C3CCC2(C)[C@H]1C1=CC(=O)OC1,ZEEYZPOVXZIYAU-RFRNIKGMSA-N,,DECOY,0,O=C1C=C(C2CCC3C2CCC2C4CCCCC4CCC23)CO1,train
,Brc1cccc2c3c([nH]c12)CNCC3,QDAJATJOFYZEDN-UHFFFAOYSA-N,,DECOY,0,c1ccc2c3c([nH]c2c1)CNCC3,train
,Brc1cccc2c3c([nH]c12)C=NCC3,BHLUQLWTEJKCOP-UHFFFAOYSA-N,,DECOY,0,C1=NCCc2c1[nH]c1ccccc21,train
,CC(C)C[C@H](NC(=O)[C@@H](NC(=O)[C@H](Cc1c[nH]c2ccccc12)NC(=O)[C@H]1CCCN1C(=O)C(CCCCN)CCCCN)C(C)(C)C)C(=O)O,TUHYVXGNMOGVMR-GASGPIRDSA-N,,DECOY,0,O=C(NCCc1c[nH]c2ccccc12)C1CCCN1,train
,CN[C@@H](CCCNC(=N)N)C(=O)N[C@@H](CCCCN)C(=O)N1CCC[C@H]1C(=O)N[C@@H](Cc1c[nH]c2ccccc12)C(=O)N[C@H](C(=O)N[C@@H](CC(C)C)C(=O)O)C(C)(C)C,CPFQZWHHAOAIFM-YTTLQHOZSA-N,,DECOY,0,O=C(NCCc1c[nH]c2ccccc12)C1CCCN1,train
,Cc1ccc(Sc2cncc3sccc23)cc1,XPRGBAGZSJYCMW-UHFFFAOYSA-N,,DECOY,0,c1ccc(Sc2cncc3sccc23)cc1,train
,CC(=O)OC1CCC2(C)C(CCC3C2CCC2(C)[C@H](C4=CC(=O)OC4)C(=O)CC32O)C1,JIOXQMJNOROPDA-NAWSPUSUSA-N,,DECOY,0,O=C1C=C(C2C(=O)CC3C2CCC2C4CCCCC4CCC23)CO1,train
,CCC(c1ccc(O)cc1)C(CC)c1ccc(O)c(F)c1,ILINIAJBGBCWBF-UHFFFAOYSA-N,,DECOY,0,c1ccc(CCc2ccccc2)cc1,train
,COc1ccc2[nH]c3c(c2c1)CCN=C3,BJODVFITWMPYMU-UHFFFAOYSA-N,,DECOY,0,C1=NCCc2c1[nH]c1ccccc21,train
,C/N=C(/NC(N)=O)NC1c2cc(C#N)ccc2OC(C)(C)[C@H]1O,RPBAVDJWWGGNKS-KIYNQFGBSA-N,,DECOY,0,c1ccc2c(c1)CCCO2,train
,COC(=O)OC1CCC2(C)C(CCC3C2CCC2(C)[C@@H](C4=CC(=O)OC4)C(O)CC32O)C1,HLVMTJOTGLNNPR-ZMPPODJZSA-N,,DECOY,0,O=C1C=C(C2CCC3C2CCC2C4CCCCC4CCC23)CO1,train
,CN(C)c1cccc2c(S(=O)(=O)Nc3ncc(Br)nc3O)cccc12,QGWCWMMDAPXEJF-UHFFFAOYSA-N,,DECOY,0,O=S(=O)(Nc1cnccn1)c1cccc2ccccc12,train
,Cc1c(C)c2c(c(C)c1OCc1ccccc1)CCC(C)(CN(C)CCOc1ccc(/C=C3\SC(=O)NC3=O)cc1)O2,IUCVMFQGKCHLPG-CEUNXORHSA-N,,DECOY,0,O=C1NC(=O)C(=Cc2ccc(OCCNCC3CCc4cc(OCc5ccccc5)ccc4O3)cc2)S1,train
,C#CCN(Cc1cc2c(O)nc(C)nc2cc1C)c1ccc(C(=O)NCc2cncs2)c(F)c1,RRZRVGRSEJDOSI-UHFFFAOYSA-N,,DECOY,0,O=C(NCc1cncs1)c1ccc(NCc2ccc3ncncc3c2)cc1,train
,CNC(=N)NCCCC(N)P(=O)(O)O,SGRXBUFWCPMGAO-UHFFFAOYSA-N,,DECOY,0,,train
,C/N=C(/NC(C)=O)NC1c2cc(C#N)ccc2OC(C)(C)[C@H]1O,HBGSKAUQVBOOCB-KZUDCZAMSA-N,,DECOY,0,c1ccc2c(c1)CCCO2,train
,C#CCN(Cc1cc2c(O)nc(C)nc2cc1C)c1ccc(C(=O)NCc2cccc(C#N)c2)c(F)c1,IJZWNCOLMNECHC-UHFFFAOYSA-N,,DECOY,0,O=C(NCc1ccccc1)c1ccc(NCc2ccc3ncncc3c2)cc1,train
,COc1nc(Br)cnc1NS(=O)(=O)c1cccc2ccccc12,SNZBYFGGSSWJKY-UHFFFAOYSA-N,,DECOY,0,O=S(=O)(Nc1cnccn1)c1cccc2ccccc12,train
,COc1cccc2[nH]c3c(c12)CCN=C3,UXOCVYNVGBOVRY-UHFFFAOYSA-N,,DECOY,0,C1=NCCc2c1[nH]c1ccccc21,train
,COc1cccc2[nH]c3c(c12)CCNC3,VPZWHBCLJCKHGZ-UHFFFAOYSA-N,,DECOY,0,c1ccc2c3c([nH]c2c1)CNCC3,train
,C#CCN(Cc1cc2c(O)nc(C)nc2cc1C)c1ccc(C(=O)NCc2nccs2)c(F)c1,AXHUAPLCCVARQP-UHFFFAOYSA-N,,DECOY,0,O=C(NCc1nccs1)c1ccc(NCc2ccc3ncncc3c2)cc1,train
,NC(N)=NCCCC(N)P(=O)(O)O,MMEPWCMDQUSOLC-UHFFFAOYSA-N,,DECOY,0,,train
,NC(N)=NCCCC(N)[PH](=O)O,QJSNYLAWEFWUGH-UHFFFAOYSA-N,,DECOY,0,,train
,NC(=O)Sc1cncc2sc(C(N)=O)cc12,NAZYRCYZEDTRRL-UHFFFAOYSA-N,,DECOY,0,c1cc2ccsc2cn1,train
,NC(=O)c1cc2c(SCc3ccc(Cl)cc3)cncc2s1,NXPULJKXDBZNKI-UHFFFAOYSA-N,,DECOY,0,c1ccc(CSc2cncc3sccc23)cc1,train
,COc1ccc2c3c([nH]c2c1)CNCC3,SCIRNASYBOGBOO-UHFFFAOYSA-N,,DECOY,0,c1ccc2c3c([nH]c2c1)CNCC3,train
,COc1cccc2c3c([nH]c12)CNCC3,KKTKOWJABJYACN-UHFFFAOYSA-N,,DECOY,0,c1ccc2c3c([nH]c2c1)CNCC3,train
,C#CCN(Cc1ccc2nc(C)nc(O)c2c1)c1ccc(C(=O)NCc2cccc([N+](=O)[O-])c2)cc1,KFCWTQZXACGAEC-UHFFFAOYSA-N,,DECOY,0,O=C(NCc1ccccc1)c1ccc(NCc2ccc3ncncc3c2)cc1,train
,Cc1occc1Sc1cncc2sc(C(N)=O)cc12,MHUNFXUJVKCTBU-UHFFFAOYSA-N,,DECOY,0,c1cc(Sc2cncc3sccc23)co1,train
,Cc1nnc(Sc2cncc3sc(C(N)=O)cc23)s1,AWXAYFPYWJWJIZ-UHFFFAOYSA-N,,DECOY,0,c1nnc(Sc2cncc3sccc23)s1,train
,C#CCN(Cc1ccc2nc(C)nc(O)c2c1)c1ccc(C(=O)NCc2ccccc2)cc1,LNHPAWVCAFLDAV-UHFFFAOYSA-N,,DECOY,0,O=C(NCc1ccccc1)c1ccc(NCc2ccc3ncncc3c2)cc1,train
,Cc1ccc(Sc2cncc3sc(C(N)=O)cc23)c(C)c1,QFOXETVRYKJOAL-UHFFFAOYSA-N,,DECOY,0,c1ccc(Sc2cncc3sccc23)cc1,train
,CCOC(=O)[C@H](CC(C)C)NC(=O)[C@@H](NC(=O)[C@H](Cc1c[nH]c2ccccc12)NC(=O)[C@H]1CCCN1C(=O)[C@H](CCCCN)NC[C@@H](N)CCCN=C(N)N)C(C)(C)C,VIQMOELTQCVDEP-PYRHRAGMSA-N,,DECOY,0,O=C(NCCc1c[nH]c2ccccc12)C1CCCN1,train
,CCOC(=O)[C@H](CC(C)C)NC(=O)[C@@H](NC(=O)[C@H](Cc1c[nH]c2ccccc12)NC(=O)[C@H]1CCCN1C(=O)[C@H](CCCCN)NC[C@@H](N)CCCCN)C(C)(C)C,LVROVYGTQUFAMB-KHNYIJCKSA-N,,DECOY,0,O=C(NCCc1c[nH]c2ccccc12)C1CCCN1,train
,CC12CCC(OC=O)CC1CCC1C2CCC2(C)[C@@H](C3=CC(=O)OC3)C(O)CC12O,IBXGFVOYNLQTCB-BIIWZAKESA-N,,DECOY,0,O=C1C=C(C2CCC3C2CCC2C4CCCCC4CCC23)CO1,train
,CCC(c1ccc(O)c(F)c1)C(CC)c1ccc(O)c(F)c1,FKJMLZCOBHMNEM-UHFFFAOYSA-N,,DECOY,0,c1ccc(CCc2ccccc2)cc1,train
,CCC(c1ccc(O)cc1)C(CC)c1ccc(O)c(I)c1,FTDFPDSIXDKWJJ-UHFFFAOYSA-N,,DECOY,0,c1ccc(CCc2ccccc2)cc1,train
,CN(C(=O)[C@H](Cc1ccc(CN)cc1)NS(=O)(=O)c1ccc2ccccc2c1)C1CCCC1,IECQKBVHIONTKP-VWLOTQADSA-N,,DECOY,0,O=C(NC1CCCC1)C(Cc1ccccc1)NS(=O)(=O)c1ccc2ccccc2c1,train
,Cc1ccc(Sc2cccc3sc(C(N)=O)cc23)cc1,ZXSNJMQNZVKFAI-UHFFFAOYSA-N,,DECOY,0,c1ccc(Sc2cccc3sccc23)cc1,train
,COC(=O)OC1CCC2(C)C(CCC3C2CCC2(C)[C@@H](C4=CC(=O)OC4)C(OC(=O)OC)CC32O)C1,HYXADCNHLHVWFL-RRBLJXJCSA-N,,DECOY,0,O=C1C=C(C2CCC3C2CCC2C4CCCCC4CCC23)CO1,train
,CCC(c1ccc(O)c(I)c1)C(CC)c1ccc(O)c(I)c1,JHLLTEJRPPJGGQ-UHFFFAOYSA-N,,DECOY,0,c1ccc(CCc2ccccc2)cc1,train
,CN(C)c1cccc2c(S(=O)(=O)Nc3ncc(Br)nc3C#N)cccc12,IGJDESVBMNYUJM-UHFFFAOYSA-N,,DECOY,0,O=S(=O)(Nc1cnccn1)c1cccc2ccccc12,train
,CNC(=N)NCCCC(N)[PH](=O)O,QUCVYMHDPZYIIO-UHFFFAOYSA-N,,DECOY,0,,train
,C1=NCCc2c1[nH]c1ccccc21,NTYXKFHKVREUMR-UHFFFAOYSA-N,,DECOY,0,C1=NCCc2c1[nH]c1ccccc21,train
,CN(C)c1cccc2c(S(=O)(=O)Nc3ccc(Br)nn3)cccc12,LAGNMQASQNSBPF-UHFFFAOYSA-N,,DECOY,0,O=S(=O)(Nc1cccnn1)c1cccc2ccccc12,train
,CN(C)c1cccc2c(S(=O)(=O)Nc3ccc(Cl)nn3)cccc12,CIYDSKLFHZROHZ-UHFFFAOYSA-N,,DECOY,0,O=S(=O)(Nc1cccnn1)c1cccc2ccccc12,train
,CC(C)C[C@H](NC(=O)[C@@H](NC(=O)[C@H](Cc1c[nH]c2ccccc12)NC(=O)[C@@H]1CCCN1C(=O)[C@@H](N)CCCCN)C(C)(C)C)C(=O)O,MEOLJNZRWYJYQU-FWWXEKRMSA-N,,DECOY,0,O=C(NCCc1c[nH]c2ccccc12)C1CCCN1,train
,CCC(c1ccc(O)c(Br)c1)C(CC)c1cc(Br)c(O)c(Br)c1,CYHLJVJTZORJDH-UHFFFAOYSA-N,,DECOY,0,c1ccc(CCc2ccccc2)cc1,train
,N/C(=N/CCCC(N)P(=O)(O)O)N[N+](=O)[O-],UUMBGKKJTJJJOB-UHFFFAOYSA-N,,DECOY,0,,train
,Brc1cccc2[nH]c3c(c12)CCNC3,AOMJWOGZKNQVBI-UHFFFAOYSA-N,,DECOY,0,c1ccc2c3c([nH]c2c1)CNCC3,train
,Brc1ccc2[nH]c3c(c2c1)CCNC3,WUTVTUWSFMYRJK-UHFFFAOYSA-N,,DECOY,0,c1ccc2c3c([nH]c2c1)CNCC3,train
,CC(C)C[C@H](NC(=O)[C@@H](NC(=O)[C@H](Cc1c[nH]c2ccccc12)NC(=O)[C@H]1CCCN1C(=O)C(CCCN=C(N)N)CCCN=C(N)N)C(C)(C)C)C(=O)O,KSAMAHDHHCBDRP-VZNYXHRGSA-N,,DECOY,0,O=C(NCCc1c[nH]c2ccccc12)C1CCCN1,train
,CC[C@H](C)[C@H](NC(=O)[C@H](Cc1c[nH]c2ccccc12)NC(=O)[C@H]1CCCN1C(=O)[C@H](CCCCN)NC[C@@H](N)CCCCN)C(=O)N[C@@H](CC(C)C)C(=O)O,IXQSLTQEPOPVAT-KGAIBMCASA-N,,DECOY,0,O=C(NCCc1c[nH]c2ccccc12)C1CCCN1,train
,CCOC(=O)[C@H](CC(C)C)NC(=O)[C@@H](NC(=O)[C@H](Cc1c[nH]c2ccccc12)NC(=O)[C@H]1CCCN1C(=O)[C@H](CCCCN)NCCCCCCN)C(C)(C)C,GTZOSACOASNOSD-YQYWCZHNSA-N,,DECOY,0,O=C(NCCc1c[nH]c2ccccc12)C1CCCN1,train
,CNc1cccc2c(S(=O)(=O)Nc3ncc(Br)nc3OC)cccc12,XDULZYJHZGTMOM-UHFFFAOYSA-N,,DECOY,0,O=S(=O)(Nc1cnccn1)c1cccc2ccccc12,train
,COc1nc(C)cnc1NS(=O)(=O)c1cccc2c(N(C)C)cccc12,OWLNCBVMDZBDPC-UHFFFAOYSA-N,,DECOY,0,O=S(=O)(Nc1cnccn1)c1cccc2ccccc12,train
,CC(C)[C@H](NC(=O)[C@H](CS)NC(=O)[C@@H](NC(=O)[C@H](CCCN=C(N)N)NC(=O)[C@H](CCCCN)NC(=O)CNC(=O)[C@H](CC(N)=O)NC(=O)[C@H](CS)NC(=O)[C@H](Cc1ccc(O)cc1)NC(=O)[C@H](Cc1ccccc1)NC(=O)[C@@H](N)CCCCN)C(C)C)C(=O)N[C@@H](CS)C(=O)N[C@@H](CCCN=C(N)N)C(N)=O,OFEYYJRLFHSIBC-FREYHWRISA-N,,DECOY,0,O=C(CCc1ccccc1)NCCc1ccccc1,train
,CC(C)[C@@H]1NC(=O)CNC(=O)[C@H](CO)NC(=O)[C@@H]2CS[C@H]3CC[C@H](NC(=O)[C@@H](O)NC(=O)CNC(=O)[C@@H](C(C)C)NC(=O)[C@H](CC(=O)O)NC(=O)CNC(=O)[C@H](CCCN=C(N)N)NC(=O)[C@@H](C)NC1=O)C(=O)N32,ZMRHQLPWCJWFDB-GQJOWJQCSA-N,,DECOY,0,O=C1CNC(=O)CNC(=O)CNC(=O)CNC(=O)CNC(=O)C2CSC3CCC(NC(=O)CNC(=O)CNC(=O)CNC(=O)CNC(=O)CN1)C(=O)N32,train
,N/C(=N/CCCC(N)[PH](=O)O)N[N+](=O)[O-],GWSFKOTWSDKFRJ-UHFFFAOYSA-N,,DECOY,0,,train
,COc1cc(Br)c2c3c([nH]c2c1)CNCC3,UOJPZOFUKSVRMM-UHFFFAOYSA-N,,DECOY,0,c1ccc2c3c([nH]c2c1)CNCC3,train
,CCC(c1ccc(O)c(I)c1)C(CC)c1cc(I)c(O)c(I)c1,UJNOMSBKKJBHLS-UHFFFAOYSA-N,,DECOY,0,c1ccc(CCc2ccccc2)cc1,train
,Brc1ccc2c3c([nH]c2c1)CNCC3,XAHAQVIJZAMMLO-UHFFFAOYSA-N,,DECOY,0,c1ccc2c3c([nH]c2c1)CNCC3,train
,Cn1c2c(c3ccccc31)CCNC2,STMNLEHELVDDKF-UHFFFAOYSA-N,,DECOY,0,c1ccc2c3c([nH]c2c1)CNCC3,train
,Cc1ccc(Sc2nccc3sc(C(N)=O)cc23)cc1,JFLJTGZONHVXKC-UHFFFAOYSA-N,,DECOY,0,c1ccc(Sc2nccc3sccc23)cc1,train
,CCc1cc2c(NCc3ccccc3)ncnc2s1,AAVTVGPMIUAKNN-UHFFFAOYSA-N,,DECOY,0,c1ccc(CNc2ncnc3sccc23)cc1,train
,CCc1cc2c(Sc3ccccn3)ncnc2s1,MTPZVCQHXWGZBV-UHFFFAOYSA-N,,DECOY,0,c1ccc(Sc2ncnc3sccc23)nc1,train
,Brc1ccc2c3c([nH]c2c1)C=NCC3,NTZLLWPDAQVIOA-UHFFFAOYSA-N,,DECOY,0,C1=NCCc2c1[nH]c1ccccc21,train
,Brc1ccc2[nH]c3c(c2c1)CCN=C3,PAHAIWFYCZHWKN-UHFFFAOYSA-N,,DECOY,0,C1=NCCc2c1[nH]c1ccccc21,train
,C#CCN(Cc1cc2c(O)nc(C)nc2cc1C)c1ccc(C(=O)NCc2ccccn2)c(F)c1,VFBHWSHDVLQQPY-UHFFFAOYSA-N,,DECOY,0,O=C(NCc1ccccn1)c1ccc(NCc2ccc3ncncc3c2)cc1,train
,CNC(=O)NC1c2cc(C#N)ccc2OC(C)(C)[C@H]1O,UMRCYSZVHWKWQX-KIYNQFGBSA-N,,DECOY,0,c1ccc2c(c1)CCCO2,train
,C/N=C(/NC#N)NC1c2cc(C#N)ccc2OC(C)(C)[C@H]1O,ZGWBHTSVFICBRG-ABLWVSNPSA-N,,DECOY,0,c1ccc2c(c1)CCCO2,train
,Cn1c2c(c3ccccc31)CCNCC2,ZBXDOQWPGBISAR-UHFFFAOYSA-N,,DECOY,0,c1ccc2c3c([nH]c2c1)CCNCC3,train
,CC(C)C[C@H](NC(=O)[C@@H](NC(=O)[C@H](Cc1c[nH]c2ccccc12)NC(=O)[C@H]1CCCN1C(=O)C(CCCN)CCCN)C(C)(C)C)C(=O)O,GBKKQCVVANVNHX-VZNYXHRGSA-N,,DECOY,0,O=C(NCCc1c[nH]c2ccccc12)C1CCCN1,train
,c1ccc2c3c([nH]c2c1)CNCC3,CFTOTSJVQRFXOF-UHFFFAOYSA-N,,DECOY,0,c1ccc2c3c([nH]c2c1)CNCC3,train
,C[C@]12CCC3c4ccc(O)cc4CCC3C1CC[C@@H]2O,VOXZDWNPVJITMN-PAOLREHBSA-N,,DECOY,0,c1ccc2c(c1)CCC1C2CCC2CCCC21,train
,C#CCN(Cc1ccc2nc(C)nc(O)c2c1)c1ccc(C(=O)NCc2nccs2)cc1,KZLJKKYKXIDXME-UHFFFAOYSA-N,,DECOY,0,O=C(NCc1nccs1)c1ccc(NCc2ccc3ncncc3c2)cc1,train
,CN/C(=N/C1=CC(C)(C)Oc2ccc(C#N)cc21)NC#N,UDFJPJOYKICJSU-UHFFFAOYSA-N,,DECOY,0,C1=Cc2ccccc2OC1,train
,CSc1ccc(CC(C)N)cc1,OLEWMKVPSUCNLG-UHFFFAOYSA-N,,DECOY,0,c1ccccc1,train
,c1ccc2c3c([nH]c2c1)CCNC3,RPROHCOBMVQVIV-UHFFFAOYSA-N,,DECOY,0,c1ccc2c3c([nH]c2c1)CCNC3,train
,Cc1ccc(NS(=O)(=O)c2cccc3c(N(C)C)cccc23)nn1,FMSIUEZKWYHEOF-UHFFFAOYSA-N,,DECOY,0,O=S(=O)(Nc1cccnn1)c1cccc2ccccc12,train
,C#CCN(Cc1ccc2nc(C)nc(O)c2c1)c1ccc(C(=O)N[C@@H](C(=O)O)c2ccccc2)cc1,AIVKSVVGOBYYHG-RUZDIDTESA-N,,DECOY,0,O=C(NCc1ccccc1)c1ccc(NCc2ccc3ncncc3c2)cc1,train
,CC1OC(OC2CCC3(C)C(CCC4C3CCC3(C)[C@@H](C5=CC(=O)OC5)C(OC=O)CC43O)C2)CC(O)C1O,IOXIBFLACIBMNF-BPQZMAMGSA-N,,DECOY,0,O=C1C=C(C2CCC3C2CCC2C4CCC(OC5CCCCO5)CC4CCC23)CO1,train
,NCc1c[nH]c2ccccc12,JXYGLMATGAAIBU-UHFFFAOYSA-N,,DECOY,0,c1ccc2[nH]ccc2c1,train
,COc1nc(Cl)cnc1NS(=O)(=O)c1cccc2c(N(C)C)cccc12,ZEICTPGVQAZONR-UHFFFAOYSA-N,,DECOY,0,O=S(=O)(Nc1cnccn1)c1cccc2ccccc12,train
,COc1cc(CC(C)N)c(OC)cc1I,BGMZUEKZENQUJY-UHFFFAOYSA-N,,DECOY,0,c1ccccc1,train
,CCC(Cc1ccc2c(c1)OCO2)NC,USWVWJSAJAEEHQ-UHFFFAOYSA-N,,DECOY,0,c1ccc2c(c1)OCO2,train
,CCC(c1cc(I)c(O)c(I)c1)C(CC)c1cc(I)c(O)c(I)c1,HOKKKDLMPLLHOL-UHFFFAOYSA-N,,DECOY,0,c1ccc(CCc2ccccc2)cc1,train
,Brc1cccc2[nH]c3c(c12)CCN=C3,FTDSATOEKTYHMK-UHFFFAOYSA-N,,DECOY,0,C1=NCCc2c1[nH]c1ccccc21,train
,C#CCN(Cc1ccc2nc(C)nc(O)c2c1)c1ccc(C(=O)N[C@@H](C(=O)O)c2cccc(O)c2)cc1,DMHLZHOVNVYDRY-RUZDIDTESA-N,,DECOY,0,O=C(NCc1ccccc1)c1ccc(NCc2ccc3ncncc3c2)cc1,train
,NCCc1c[nH]c2ccccc12,APJYDQYYACXCRM-UHFFFAOYSA-N,,DECOY,0,c1ccc2[nH]ccc2c1,train
,C#CCN(Cc1ccc2nc(C)nc(O)c2c1)c1ccc(C(=O)NCc2ccc(Cl)cc2)cc1,IQCINSLNRQILLY-UHFFFAOYSA-N,,DECOY,0,O=C(NCc1ccccc1)c1ccc(NCc2ccc3ncncc3c2)cc1,train
,CCc1cc2c(SCc3ccccc3)ncnc2s1,LOBIIJMFTNGTJQ-UHFFFAOYSA-N,,DECOY,0,c1ccc(CSc2ncnc3sccc23)cc1,train
,NCC(=O)N[C@@H](CCCN=C(N)N)C(=O)NCC(=O)N[C@@H](CC(=O)O)C(=O)N[C@@H](CO)C(=O)N1CCC[C@H]1C(=O)O,NTEDOEBWPRVVSG-XUXIUFHCSA-N,,DECOY,0,C1CCNC1,train
,CC(C)C[C@H](NC(=O)[C@@H](NC(=O)[C@H](Cc1ccc(O)cc1)NC(=O)[C@H]1CCCN1C(=O)[C@H](CCCCN)NC[C@@H](N)CCCCN)C(C)(C)C)C(=O)O,GPDCLTFREWTNBN-ZCLHSLMCSA-N,,DECOY,0,O=C(NCCc1ccccc1)C1CCCN1,train
,CC(C)C[C@H](NC(=O)[C@@H](NC(=O)[C@H](Cc1c[nH]c2ccccc12)NC(=O)[C@H]1CCCN1C(=O)[C@H](CCCCN)NC[C@@H](N)CCCCN)C(C)(C)C)C(=O)O,CANBGLXQLKQPHM-RYNZSIQFSA-N,,DECOY,0,O=C(NCCc1c[nH]c2ccccc12)C1CCCN1,train
,CC(C)C[C@H](NC(=O)[C@@H](NC(=O)[C@H](Cc1c[nH]c2ccccc12)NC(=O)[C@H]1CCCN1C(=O)[C@H](CCCCN)NC[C@@H](N)CCCN=C(N)N)C(C)(C)C)C(=O)O,BDDQPVXNVCKAQG-UAKSOMLXSA-N,,DECOY,0,O=C(NCCc1c[nH]c2ccccc12)C1CCCN1,train
,COc1cccc2c3c([nH]c12)C=NCC3,LIUNAKJFUYIJFE-UHFFFAOYSA-N,,DECOY,0,C1=NCCc2c1[nH]c1ccccc21,train
,COc1ccc2c3c([nH]c2c1)C=NCC3,VTEZDUSEJVSZGQ-UHFFFAOYSA-N,,DECOY,0,C1=NCCc2c1[nH]c1ccccc21,train
,COc1ccc2[nH]c3c(c2c1)CCNC3,QYMDEOQLJUUNOF-UHFFFAOYSA-N,,DECOY,0,c1ccc2c3c([nH]c2c1)CNCC3,train
,C#CCN(Cc1ccc2nc(C)nc(O)c2c1)c1ccc(C(=O)NCc2cccc(C#N)c2)cc1,SWZBDJQINXKZCI-UHFFFAOYSA-N,,DECOY,0,O=C(NCc1ccccc1)c1ccc(NCc2ccc3ncncc3c2)cc1,train
,C#CCN(Cc1cc2c(O)nc(C)nc2cc1C)c1ccc(C(=O)NCc2cccc([N+](=O)[O-])c2)c(F)c1,QDONLEJFIXLJSK-UHFFFAOYSA-N,,DECOY,0,O=C(NCc1ccccc1)c1ccc(NCc2ccc3ncncc3c2)cc1,train
,C[C@]1(/C=C/C#N)[C@H](C(=O)[O-])N2C(=O)C[C@H]2S1(=O)=O.[Na+],DRNHQKOSAXWVCX-LSTOSFGNSA-M,,DECOY,0,O=C1CC2N1CCS2(=O)=O,train
,CC1OC(OC2CCC3(C)C(CCC4C3CCC3(C)[C@@H](C5=CC(=O)OC5)C(O)CC43O)C2)CC(O)C1O,IQOYEMCASBGLJD-SOZWBQEVSA-N,,DECOY,0,O=C1C=C(C2CCC3C2CCC2C4CCC(OC5CCCCO5)CC4CCC23)CO1,train
,CC1OC(OC2C(O)CC(OC3CCC4(C)C(CCC5C4CCC4(C)[C@@H](C6=CC(=O)OC6)C(O)CC54O)C3)OC2C)CC(O)C1O,XTHIXAGXFWPWQI-QGUSCSLFSA-N,,DECOY,0,O=C1C=C(C2CCC3C2CCC2C4CCC(OC5CCC(OC6CCCCO6)CO5)CC4CCC23)CO1,train
,Cc1c(CC(C)N)ccc2c1OCO2,WVACHJAKQMSYSU-UHFFFAOYSA-N,,DECOY,0,c1ccc2c(c1)OCO2,train
,Cc1cc(CC(C)N)cc2c1OCO2,OLENSVFSNAULML-UHFFFAOYSA-N,,DECOY,0,c1ccc2c(c1)OCO2,train
,C#CCN(Cc1ccc2nc(C)nc(O)c2c1)c1ccc(C(=O)N[C@H](Cc2ccc([N+](=O)[O-])cc2)C(=O)O)cc1,NXVYTJAGYKNPAB-AREMUKBSSA-N,,DECOY,0,O=C(NCCc1ccccc1)c1ccc(NCc2ccc3ncncc3c2)cc1,train
,CCOc1nc(Br)cnc1NS(=O)(=O)c1cccc2c(N(C)C)cccc12,MLJGSVQFLSTLQF-UHFFFAOYSA-N,,DECOY,0,O=S(=O)(Nc1cnccn1)c1cccc2ccccc12,train
,NC(=O)c1cc2c(Sc3ccc(C(F)(F)F)cc3)cncc2s1,VIAAOSSEVPAHGM-UHFFFAOYSA-N,,DECOY,0,c1ccc(Sc2cncc3sccc23)cc1,train
,C#CCN(Cc1ccc2nc(C)nc(O)c2c1)c1ccc(C(=O)NCc2cscn2)cc1,DYASCMVQIVJPKN-UHFFFAOYSA-N,,DECOY,0,O=C(NCc1cscn1)c1ccc(NCc2ccc3ncncc3c2)cc1,train
,C#CCN(Cc1ccc2nc(C)nc(O)c2c1)c1ccc(C(=O)NCc2ccsc2)cc1,MUWVVWNSKUNFLS-UHFFFAOYSA-N,,DECOY,0,O=C(NCc1ccsc1)c1ccc(NCc2ccc3ncncc3c2)cc1,train
,CC/C(=C(\c1ccc(I)cc1)c1ccc(OCCN2CCCC2)cc1)c1ccccc1,JJKOTMDDZAJTGQ-DQSJHHFOSA-N,,DECOY,0,C(=C(c1ccccc1)c1ccc(OCCN2CCCC2)cc1)c1ccccc1,train
,CC/C(=C(\c1ccc(I)cc1)c1ccc(OCCCCCN2CCCC2)cc1)c1ccccc1,ALVRWLFAONYUAV-KTMFPKCZSA-N,,DECOY,0,C(=C(c1ccccc1)c1ccc(OCCCCCN2CCCC2)cc1)c1ccccc1,train
,Cc1c(C)c2c(c(C)c1OCc1ccccc1)C(CN(C)CCOc1ccc(/C=C3\SC(=O)NC3=O)cc1)C(C)(C)O2,DKTFEUJGLCUSHM-VEILYXNESA-N,,DECOY,0,O=C1NC(=O)C(=Cc2ccc(OCCNCC3COc4ccc(OCc5ccccc5)cc43)cc2)S1,train
,CN(C)c1cccc2c(S(=O)(=O)Nc3cnccn3)cccc12,NRLWXFWPCBEKRI-UHFFFAOYSA-N,,DECOY,0,O=S(=O)(Nc1cnccn1)c1cccc2ccccc12,train
,Nc1nc(N)c2nc(Sc3cccc(C(F)(F)F)c3)cnc2n1,UAGXWFORTDNXOY-UHFFFAOYSA-N,,DECOY,0,c1ccc(Sc2cnc3ncncc3n2)cc1,train
,CC/C(=C(\c1ccc(I)cc1)c1ccc(OCCCN2CCCC2)cc1)c1ccccc1,FXONXUZYNJRDKV-ZIADKAODSA-N,,DECOY,0,C(=C(c1ccccc1)c1ccc(OCCCN2CCCC2)cc1)c1ccccc1,train
,CCCc1nc(Br)cnc1NS(=O)(=O)c1cccc2c(N(C)C)cccc12,UFYIWIPURPZWFN-UHFFFAOYSA-N,,DECOY,0,O=S(=O)(Nc1cnccn1)c1cccc2ccccc12,train
,COc1nc(Br)cnc1NS(=O)(=O)c1cccc2c(N(C)C)cccc12,JDNYZAWNISHXJL-UHFFFAOYSA-N,,DECOY,0,O=S(=O)(Nc1cnccn1)c1cccc2ccccc12,train
,Cc1cc2c(cc1CC(C)N)OCO2,HCFHWXDIZOAUTQ-UHFFFAOYSA-N,,DECOY,0,c1ccc2c(c1)OCO2,train
,CC(N)Cc1ccc(I)cc1,VZPKOWYCGWOYRF-UHFFFAOYSA-N,,DECOY,0,c1ccccc1,train
,COc1cc2nc(N3CCC(C(=O)Nc4ccccc4)CC3)nc(N)c2cc1OC,PCVSJPFAMWAPAT-UHFFFAOYSA-N,,DECOY,0,O=C(Nc1ccccc1)C1CCN(c2ncc3ccccc3n2)CC1,train
,CCc1nc(Br)cnc1NS(=O)(=O)c1cccc2c(N(C)C)cccc12,AXNXKWXEPIXRQC-UHFFFAOYSA-N,,DECOY,0,O=S(=O)(Nc1cnccn1)c1cccc2ccccc12,train
,CCC(c1ccc(O)cc1)C(CC)c1cc(I)c(O)c(I)c1,XSNGJBZHZLOGBN-UHFFFAOYSA-N,,DECOY,0,c1ccc(CCc2ccccc2)cc1,train
,CCC(c1ccc(O)cc1)C(CC)c1ccc(O)c(Br)c1,RLDATGZVIQOGNJ-UHFFFAOYSA-N,,DECOY,0,c1ccc(CCc2ccccc2)cc1,train
,CC/C(=C(\c1ccc(I)cc1)c1ccc(OCCCCCCCN2CCCC2)cc1)c1ccccc1,XCOUYJYBUSTRSB-KARKAFJISA-N,,DECOY,0,C(=C(c1ccccc1)c1ccc(OCCCCCCCN2CCCC2)cc1)c1ccccc1,train
,CCC(c1ccc(O)c(Br)c1)C(CC)c1ccc(O)c(Br)c1,NXTVRZYDIKGZQK-UHFFFAOYSA-N,,DECOY,0,c1ccc(CCc2ccccc2)cc1,train
,C/N=C(/NC#N)NC1c2cnccc2OC(C)(C)[C@H]1O,BJBXBNSEMMITOP-DTIOYNMSSA-N,,DECOY,0,c1cc2c(cn1)CCCO2,train
,CC/C(=C(\c1ccc(I)cc1)c1ccc(OCCCCCCCCCN2CCCC2)cc1)c1ccccc1,MCTQXSSLZDBVEP-KNWKATPGSA-N,,DECOY,0,C(=C(c1ccccc1)c1ccc(OCCCCCCCCCN2CCCC2)cc1)c1ccccc1,train
,CC12CCC(O)CC1CCC1C2CCC2(C)[C@@H](C3=CC(=O)OC3)C(OC=O)CC12O,WPPUBSWJDJKYDK-BIIWZAKESA-N,,DECOY,0,O=C1C=C(C2CCC3C2CCC2C4CCCCC4CCC23)CO1,train
,CC/C(=C(\c1ccc(I)cc1)c1ccc(OCCCCCCN(C)C)cc1)c1ccccc1,KJNDGYWAQRWMBO-FLWNBWAVSA-N,,DECOY,0,C(=C(c1ccccc1)c1ccccc1)c1ccccc1,train
,CC/C(=C(\c1ccc(I)cc1)c1ccc(OCCCCN2CCCC2)cc1)c1ccccc1,BKCCUUCEIIWZGH-FLWNBWAVSA-N,,DECOY,0,C(=C(c1ccccc1)c1ccc(OCCCCN2CCCC2)cc1)c1ccccc1,train
,C/N=C(\NC1c2cc(C#N)ccc2OC(C)(C)[C@H]1O)NS(N)(=O)=O,IIHOTYSFXJVMKX-KIYNQFGBSA-N,,DECOY,0,c1ccc2c(c1)CCCO2,train
,Cc1nc(Br)cnc1NS(=O)(=O)c1cccc2c(N(C)C)cccc12,WONYSUAAXSMWMV-UHFFFAOYSA-N,,DECOY,0,O=S(=O)(Nc1cnccn1)c1cccc2ccccc12,train
,CN(C)c1cccc2c(S(=O)(=O)Nc3cccnn3)cccc12,QPMFEHASVUOAHW-UHFFFAOYSA-N,,DECOY,0,O=S(=O)(Nc1cccnn1)c1cccc2ccccc12,train
,CC(N)Cc1ccccc1,KWTSXDURSIMDCE-UHFFFAOYSA-N,,DECOY,0,c1ccccc1,train
,CC/C(=C(\c1ccc(I)cc1)c1ccc(OCCCCCCN2CCCC2)cc1)c1ccccc1,VGVQYQRJRNGUNU-MVJHLKBCSA-N,,DECOY,0,C(=C(c1ccccc1)c1ccc(OCCCCCCN2CCCC2)cc1)c1ccccc1,train
,c1ccc(CCN2CCN3CC(c4ccccc4)c4ccccc4C3C2)cc1,ZTNUFLBDJULOLU-UHFFFAOYSA-N,,DECOY,0,c1ccc(CCN2CCN3CC(c4ccccc4)c4ccccc4C3C2)cc1,train
,Cc1c(C)c2c(c(C)c1O)CCC(C)(CN(C)CCOc1ccc(CC3SC(=O)NC3=O)cc1)O2,PUZNPKYWTAXHCD-UHFFFAOYSA-N,,DECOY,0,O=C1NC(=O)C(Cc2ccc(OCCNCC3CCc4ccccc4O3)cc2)S1,train
,C[C@]1(Cn2ccnn2)[C@H](C(=O)[O-])N2C(=O)[C@@H](CO)[C@H]2S1(=O)=O.[Na+],QBBWHSLAOSOQME-ZYEZBUCFSA-M,,DECOY,0,O=C1CC2N1CC(Cn1ccnn1)S2(=O)=O,train
,CC1OC(O)C(OC2CCC3(C)C(CCC4C3CCC3(C)[C@@H](C5=CC(=O)OC5)C(O)CC43O)C2)C(O)C1O,NUUINLSKUZVKSQ-NZRIKBTBSA-N,,DECOY,0,O=C1C=C(C2CCC3C2CCC2C4CCC(OC5CCCOC5)CC4CCC23)CO1,train
,COc1cc2nc(N3CCC(C(=O)NCCOc4ccccc4)CC3)nc(N)c2cc1OC,ATQZMUKEGFGGSL-UHFFFAOYSA-N,,DECOY,0,O=C(NCCOc1ccccc1)C1CCN(c2ncc3ccccc3n2)CC1,train
,C[C@]1(/C=C\C#N)[C@H](C(=O)[O-])N2C(=O)[C@@H](CO)[C@H]2S1(=O)=O.[Na+],QXEYKECJAQHXEF-FCHKYLNPSA-M,,DECOY,0,O=C1CC2N1CCS2(=O)=O,train
,C[C@]1(/C=C/C#N)[C@H](C(=O)[O-])N2C(=O)[C@@H](CO)[C@H]2S1(=O)=O.[Na+],QXEYKECJAQHXEF-KLZLNBGNSA-M,,DECOY,0,O=C1CC2N1CCS2(=O)=O,train
,CC/C(=C(\c1ccc(I)cc1)c1ccc(OCCN(C)C)cc1)c1ccccc1,BSZGETWFQDIDDX-QPLCGJKRSA-N,,DECOY,0,C(=C(c1ccccc1)c1ccccc1)c1ccccc1,train
,CC/C(=C(\c1ccc(I)cc1)c1ccc(OCCCCCCCCCCN(C)C)cc1)c1ccccc1,ZMFZXGZXFYMIPX-YHZPTAEISA-N,,DECOY,0,C(=C(c1ccccc1)c1ccccc1)c1ccccc1,train
,CC(C)(C)/N=C(/NC#N)NC1c2cc(C#N)ccc2OC(C)(C)[C@H]1O,GEDPJQDUEVVSTM-LOACHALJSA-N,,DECOY,0,c1ccc2c(c1)CCCO2,train
,CCN(C)c1cccc2c(S(=O)(=O)Nc3ncc(Br)nc3OC)cccc12,LTBGGVYTZUDEIJ-UHFFFAOYSA-N,,DECOY,0,O=S(=O)(Nc1cnccn1)c1cccc2ccccc12,train
,CC/C(=C(\c1ccc(I)cc1)c1ccc(OCCCCN(C)C)cc1)c1ccccc1,ZQKGNQXYRKJVBC-DQSJHHFOSA-N,,DECOY,0,C(=C(c1ccccc1)c1ccccc1)c1ccccc1,train
,CNCC1NCC(c2ccccc2)c2ccccc21,UYHHYORUPUOBTL-UHFFFAOYSA-N,,DECOY,0,c1ccc(C2CNCc3ccccc32)cc1,train
,CC/C(=C(\c1ccc(I)cc1)c1ccc(OCCCCCCCCN(C)C)cc1)c1ccccc1,XKHNGFDZRPJTCY-MVJHLKBCSA-N,,DECOY,0,C(=C(c1ccccc1)c1ccccc1)c1ccccc1,train
,CCNc1cccc2c(S(=O)(=O)Nc3ncc(Br)nc3OC)cccc12,YDPOXHCJDBMWLW-UHFFFAOYSA-N,,DECOY,0,O=S(=O)(Nc1cnccn1)c1cccc2ccccc12,train
,CN1CCN2c3ccccc3Cc3ccccc3C2C1,UEQUQVLFIPOEMF-UHFFFAOYSA-N,,DECOY,0,c1ccc2c(c1)Cc1ccccc1N1CCNCC21,train
,Cc1c(C)c2c(c(C)c1O)CCC(C)(CNCCOc1ccc(/C=C3\SC(=O)NC3=O)cc1)O2,REZLHJHWHCIPJL-BKUYFWCQSA-N,,DECOY,0,O=C1NC(=O)C(=Cc2ccc(OCCNCC3CCc4ccccc4O3)cc2)S1,train
,CN(C)CC1c2ccccc2C(c2ccccc2)CN1C,RJXXPJSDBLRNBL-UHFFFAOYSA-N,,DECOY,0,c1ccc(C2CNCc3ccccc32)cc1,train
,CC12CCC(OC=O)CC1CCC1C2CCC2(C)[C@@H](C3=CC(=O)OC3)C(OC=O)CC12O,AISBGAJDNGFBRL-SJJSKVOPSA-N,,DECOY,0,O=C1C=C(C2CCC3C2CCC2C4CCCCC4CCC23)CO1,train
,CO/N=C/[C@@]1(C)[C@H](C(=O)[O-])N2C(=O)[C@@H](CO)[C@H]2S1(=O)=O.[Na+],RRLPWVAOADJVLF-UEDLQCFHSA-M,,DECOY,0,O=C1CC2N1CCS2(=O)=O,train
,C#CCN(Cc1ccc2nc(C)nc(O)c2c1)c1ccc(C(=O)NCc2ccc([N+](=O)[O-])cc2)cc1,HQJUFCWQIUMOLK-UHFFFAOYSA-N,,DECOY,0,O=C(NCc1ccccc1)c1ccc(NCc2ccc3ncncc3c2)cc1,train
,Cc1c(C)c2c(c(C)c1O)CCC(C)(CN(C)CCOc1ccc(/C=C3\SC(=O)NC3=O)cc1)O2,KMNLASVDSCDDGU-HMAPJEAMSA-N,,DECOY,0,O=C1NC(=O)C(=Cc2ccc(OCCNCC3CCc4ccccc4O3)cc2)S1,train
,COc1cc2nc(N3CCC(C(=O)NCC4CC4)CC3)nc(N)c2cc1OC,TYWLNFZVOUERJE-UHFFFAOYSA-N,,DECOY,0,O=C(NCC1CC1)C1CCN(c2ncc3ccccc3n2)CC1,train
,CN/C(=C\[N+](=O)[O-])NC1c2cc(C#N)ccc2OC(C)(C)[C@H]1O,LBBMYEIOARPKTO-YQZSZTOTSA-N,,DECOY,0,c1ccc2c(c1)CCCO2,train
,C#CCN(Cc1ccc2nc(C)nc(O)c2c1)c1ccc(C(=O)NCc2nc(C)cs2)cc1,UCKDGEFFRUDLGD-UHFFFAOYSA-N,,DECOY,0,O=C(NCc1nccs1)c1ccc(NCc2ccc3ncncc3c2)cc1,train
,COc1cc2nc(N3CCC(C(=O)NC4CCCC4)CC3)nc(N)c2cc1OC,LKQKVFUSTOHWES-UHFFFAOYSA-N,,DECOY,0,O=C(NC1CCCC1)C1CCN(c2ncc3ccccc3n2)CC1,train
,CC1(C)Oc2ccc(C#N)cc2C(/N=C(/N)NC#N)[C@@H]1O,KTWWUKLYXUDVNA-KIYNQFGBSA-N,,DECOY,0,c1ccc2c(c1)CCCO2,train
,O=C1N(CN2CCCCC2)c2ccccc2C12OCCO2,PAUZVVZUXSKEAM-UHFFFAOYSA-N,,DECOY,0,O=C1N(CN2CCCCC2)c2ccccc2C12OCCO2,train
,CC(N)Cc1ccc2c(c1)OCO2,NGBBVGZWCFBOGO-UHFFFAOYSA-N,,DECOY,0,c1ccc2c(c1)OCO2,train
,Nc1nc(N)c2nc(Sc3ccc(Cl)c(Cl)c3)cnc2n1,CWVKQVHFVAOIIB-UHFFFAOYSA-N,,DECOY,0,c1ccc(Sc2cnc3ncncc3n2)cc1,train
,CC/C(=C(\c1ccc(I)cc1)c1ccc(OCCCCCN(C)C)cc1)c1ccccc1,KILJJPMNQOHZIY-ZIADKAODSA-N,,DECOY,0,C(=C(c1ccccc1)c1ccccc1)c1ccccc1,train
,CCN(CC)C(=O)[C@@H]1C=C2c3cccc4[nH]cc(c34)C[C@H]2N(C)C1,VAYOSLLFUXYJDT-RDTXWAMCSA-N,,DECOY,0,C1=C2c3cccc4[nH]cc(c34)CC2NCC1,train
,C#CCN(Cc1ccc2nc(C)nc(O)c2c1)c1ccc(C(=O)N[C@H](Cc2ccccc2)C(=O)O)cc1,JSGCIQKUQXHVMG-AREMUKBSSA-N,,DECOY,0,O=C(NCCc1ccccc1)c1ccc(NCc2ccc3ncncc3c2)cc1,train
,C#CCN(Cc1cc2c(O)nc(C)nc2cc1C)c1ccc(C(=O)N[C@@H](C(=O)O)c2cccc([N+](=O)[O-])c2)c(F)c1,RHVARXUYIFCWPP-AREMUKBSSA-N,,DECOY,0,O=C(NCc1ccccc1)c1ccc(NCc2ccc3ncncc3c2)cc1,train
,COc1ccc(Sc2cnc3nc(N)nc(N)c3n2)cc1,JGFCVHSDXCZJCY-UHFFFAOYSA-N,,DECOY,0,c1ccc(Sc2cnc3ncncc3n2)cc1,train
,CN(C)CCCN1c2ccccc2CCc2ccccc21,BCGWQEUPMDMJNV-UHFFFAOYSA-N,,DECOY,0,c1ccc2c(c1)CCc1ccccc1N2,train
,C#CCN(Cc1ccc2nc(C)nc(O)c2c1)c1ccc(C(=O)NCc2cncs2)cc1,SDWQCVOVOXFKRU-UHFFFAOYSA-N,,DECOY,0,O=C(NCc1cncs1)c1ccc(NCc2ccc3ncncc3c2)cc1,train
,CN(C)CC1NCC(c2ccccc2)c2ccccc21,KEUSBNOLUMCSQJ-UHFFFAOYSA-N,,DECOY,0,c1ccc(C2CNCc3ccccc32)cc1,train
,CCNCC1NCC(c2ccccc2)c2ccccc21,HSNLDJSGPCJLBB-UHFFFAOYSA-N,,DECOY,0,c1ccc(C2CNCc3ccccc32)cc1,train
,Cc1c(C)c2c(c(C)c1O)C(CN(C)CCOc1ccc(CC3SC(=O)NC3=O)cc1)C(C)(C)O2,ICIVVTHCJYUIFR-UHFFFAOYSA-N,,DECOY,0,O=C1NC(=O)C(Cc2ccc(OCCNCC3COc4ccccc43)cc2)S1,train
,CCOC(=O)c1ccc(N/C(S)=N/c2ccc3c(c2)C(C)(C)CC(C)(C)S3)cc1,UWRJJFOQSSAVSQ-UHFFFAOYSA-N,,DECOY,0,C(=Nc1ccc2c(c1)CCCS2)Nc1ccccc1,train
,CC1Cc2ccccc2N1NC(=O)c1ccc(Cl)c(S(N)(=O)=O)c1,NDDAHWYSQHTHNT-UHFFFAOYSA-N,,DECOY,0,O=C(NN1CCc2ccccc21)c1ccccc1,train
,Cc1c(C)c2c(c(C)c1O)C(CN(C)CCOc1ccc(/C=C3\SC(=O)NC3=O)cc1)C(C)(C)O2,UQTBFJKRXXWVLC-BKUYFWCQSA-N,,DECOY,0,O=C1NC(=O)C(=Cc2ccc(OCCNCC3COc4ccccc43)cc2)S1,train
,COC(=O)CC/C=C\CC[C@H]1C(=O)C[C@@H](O)[C@@H]1/C=C/CC(C)(O)CCC1CC1,LYAISQMHPNUUNI-KRJYFAAISA-N,,DECOY,0,O=C1CCC(C=CCCCCC2CC2)C1,train
,CCCOC(=O)c1ncn2c1CN(C)C(=O)c1sccc1-2,QGPTWCMBDAOFIL-UHFFFAOYSA-N,,DECOY,0,O=C1NCc2cncn2-c2ccsc21,train
,O=C1N(CN2CCOCC2)c2ccccc2C12OCCO2,NDTDFQHLSCBSET-UHFFFAOYSA-N,,DECOY,0,O=C1N(CN2CCOCC2)c2ccccc2C12OCCO2,train
,CCCC(=O)N(CCC)NC(=O)[C@H]1CCCN1C(=O)[C@@H](NC(=O)[C@@H](NC(=O)[C@H](CC(=O)O)NC(=O)[C@H](CCC(=O)O)NC(=O)[C@@H](NC(=O)[C@H](CC(=O)O)NC(C)=O)[C@@H](C)O)C(C)C)C(C)C,DSBXGLAVDUCRMF-UQOQARLLSA-N,,DECOY,0,C1CCNC1,train
,CCCN(NC(=O)[C@H]1CCCN1C(=O)[C@@H](NC(=O)[C@@H](NC(=O)[C@H](CC(=O)O)NC(=O)[C@H](CCC(=O)O)NC(=O)[C@@H](NC(=O)[C@H](CC(=O)O)NC(C)=O)[C@@H](C)O)C(C)C)C(C)C)C(=O)CC,VECKYAOVFWFPNG-SZVPTALDSA-N,,DECOY,0,C1CCNC1,train
,CCCN(NC(=O)[C@H]1CCCN1C(=O)[C@@H](NC(=O)[C@@H](NC(=O)[C@H](CC(=O)O)NC(=O)[C@H](CCC(=O)O)NC(=O)[C@@H](NC(=O)[C@H](CC(=O)O)NC(C)=O)[C@@H](C)O)C(C)C)C(C)C)C(C)=O,KHINHXDZGSRHNV-UGPCQSEYSA-N,,DECOY,0,C1CCNC1,train
,CCOC(=O)c1ccc(NC(=O)Nc2cc3c(cc2C)SC(C)(C)CC3(C)C)cc1,WOFLEGFZRDCSOE-UHFFFAOYSA-N,,DECOY,0,O=C(Nc1ccccc1)Nc1ccc2c(c1)CCCS2,train
,Cc1cc2c(cc1/N=C(\S)Nc1ccc(S(N)(=O)=O)cc1)C(C)(C)CC(C)(C)S2,JXHVRXRRSSBGPY-UHFFFAOYSA-N,,DECOY,0,C(=Nc1ccc2c(c1)CCCS2)Nc1ccccc1,train
,COc1cc2nc(N3CCC(C(=O)NCCc4ccccc4)CC3)nc(N)c2cc1OC,QHHWBJSWWBHSAV-UHFFFAOYSA-N,,DECOY,0,O=C(NCCc1ccccc1)C1CCN(c2ncc3ccccc3n2)CC1,train
,CCOC(=O)c1ncn2c1CN(C)C(=O)c1cc(Cl)ccc1-2,QORLMYYHZLDYOR-UHFFFAOYSA-N,,DECOY,0,O=C1NCc2cncn2-c2ccccc21,train
,CCOC(=O)c1ncn2c1CN(C)C(=O)c1cc(F)ccc1-2,OFBIFZUFASYYRE-UHFFFAOYSA-N,,DECOY,0,O=C1NCc2cncn2-c2ccccc21,train
,CCCN(NC(=O)[C@H]1CCCN1C(=O)[C@@H](NC(=O)[C@@H](NC(=O)[C@H](CC(=O)O)NC(=O)[C@H](CCC(=O)O)NC(=O)[C@@H](NC(=O)[C@H](CC(=O)O)NC(C)=O)[C@@H](C)O)C(C)C)C(C)C)C(=O)C(F)(F)F,LEXSMYYWVPCLMI-YCSLXHCLSA-N,,DECOY,0,C1CCNC1,train
,CCCN(NC(=O)[C@H]1CCCN1C(=O)[C@@H](NC(=O)[C@@H](NC(=O)[C@H](CC(=O)O)NC(=O)[C@H](CCC(=O)O)NC(=O)[C@@H](NC(=O)[C@H](CC(=O)O)NC(C)=O)[C@@H](C)O)C(C)C)C(C)C)S(=O)(=O)CCl,JJCJTZCVGHMDIT-ZYZBBMSPSA-N,,DECOY,0,C1CCNC1,train
,O=C1N(CN2CCCC2)c2ccccc2C12OCCO2,GFINNYVMSIFFAB-UHFFFAOYSA-N,,DECOY,0,O=C1N(CN2CCCC2)c2ccccc2C12OCCO2,train
,C#CCN(Cc1ccc2nc(C)nc(O)c2c1)c1ccc(C(=O)N[C@@H](C(=O)O)c2ccc(F)cc2)cc1,BTHRUYAJJZUCTB-RUZDIDTESA-N,,DECOY,0,O=C(NCc1ccccc1)c1ccc(NCc2ccc3ncncc3c2)cc1,train
,CC/C(=C(\c1ccc(I)cc1)c1ccc(OCCCN(C)C)cc1)c1ccccc1,GHWQLKYWYYHBMT-RQZHXJHFSA-N,,DECOY,0,C(=C(c1ccccc1)c1ccccc1)c1ccccc1,train
,CCOC(=O)CNC(=O)c1cc(-c2ccncc2)nnc1Cl,AGKQNXQFCSQZAS-UHFFFAOYSA-N,,DECOY,0,c1cnnc(-c2ccncc2)c1,train
,COc1cccc(-c2ccc(N3CC(CNC(C)=O)OC3=O)cc2)cc1=O,DJMIUCKLXPTAJU-UHFFFAOYSA-N,,DECOY,0,O=C1OCCN1c1ccc(-c2ccccc(=O)c2)cc1,train
,C#CCN(Cc1ccc2nc(C)nc(O)c2c1)c1ccc(C(=O)Nc2ccccc2)cc1,CIZRYSKNRLNVSU-UHFFFAOYSA-N,,DECOY,0,O=C(Nc1ccccc1)c1ccc(NCc2ccc3ncncc3c2)cc1,train
,Cc1cc(CCCCCOc2ccc(C3=NCCO3)cc2Cl)on1,FCSKOFQQCWLGMV-UHFFFAOYSA-N,,DECOY,0,c1cc(CCCCCOc2ccc(C3=NCCO3)cc2)on1,train
,Cc1cc(CCCCCOc2ccc(C3=NCCO3)cc2)on1,IWZDYGHUSXWPPM-UHFFFAOYSA-N,,DECOY,0,c1cc(CCCCCOc2ccc(C3=NCCO3)cc2)on1,train
,C=C(C)[C@]12C[C@@H](C)[C@@]34OC(Cc5ccccc5)(O[C@@H]1C3C=C(CO)C[C@]1(O)C(=O)C(C)=CC41)O2,FFKXTXJQZGIKQZ-ZZCJHLDGSA-N,,DECOY,0,O=C1C=CC2C1CC=CC1C3OC4(Cc5ccccc5)OC3CCC21O4,train
,OCCOCOCc1cc(CCCCCOc2c(Cl)cc(C3=NCCO3)cc2Cl)on1,JLSNWEWWUSOSMP-UHFFFAOYSA-N,,DECOY,0,c1cc(CCCCCOc2ccc(C3=NCCO3)cc2)on1,train
,CCN(CCOc1ccc(/C=C2\SC(=O)NC2=O)cc1)CC1(C)CCc2c(C)c(O)c(C)c(C)c2O1,IDCRXMOPFLSPGO-HAHDFKILSA-N,,DECOY,0,O=C1NC(=O)C(=Cc2ccc(OCCNCC3CCc4ccccc4O3)cc2)S1,train
,Nc1nc(N)c2nc(Sc3cccc4ccccc34)cnc2n1,XEQPDASMRAAIFW-UHFFFAOYSA-N,,DECOY,0,c1ccc2c(Sc3cnc4ncncc4n3)cccc2c1,train
,Cc1c(C)c2c(c(C)c1O)C(COc1ccc(CC3SC(=O)NC3=O)cc1)C(C)(C)O2,LQLNCTJDKPCCRB-UHFFFAOYSA-N,,DECOY,0,O=C1NC(=O)C(Cc2ccc(OCC3COc4ccccc43)cc2)S1,train
,CCN(NC(=O)[C@H]1CCCN1C(=O)[C@@H](NC(=O)[C@@H](NC(=O)[C@H](CC(=O)O)NC(=O)[C@H](CCC(=O)O)NC(=O)[C@@H](NC(=O)[C@H](CC(=O)O)NC(C)=O)[C@@H](C)O)C(C)C)C(C)C)C(=O)OC(Cl)C(Cl)(Cl)Cl,SWYHBWPZVINSGA-QMFQWXHFSA-N,,DECOY,0,C1CCNC1,train
,Cc1cc(CCCCCOc2c(Cl)cc(C3=NCCO3)cc2Cl)on1,JJDHAOLOHQTGMG-UHFFFAOYSA-N,,DECOY,0,c1cc(CCCCCOc2ccc(C3=NCCO3)cc2)on1,train
,COC(=O)CC/C=C\CC[C@H]1C(=O)C[C@@H](O)[C@@H]1/C=C/CC(C)(O)CCC1CCCCC1,VQSHWQPCRVSPCR-WUFWJUOFSA-N,,DECOY,0,O=C1CCC(C=CCCCCC2CCCCC2)C1,train
,Clc1ccc(C2CC3CCC2N3)cn1,NLPRAJRHRHZCQQ-UHFFFAOYSA-N,,DECOY,0,c1cncc(C2CC3CCC2N3)c1,train
,COc1cc2nc(N3CCC(C(=O)N4CCOCC4)CC3)nc(N)c2cc1OC,WWHOAVVMDSXQOI-UHFFFAOYSA-N,,DECOY,0,O=C(C1CCN(c2ncc3ccccc3n2)CC1)N1CCOCC1,train
,COC(=O)CC/C=C\CC[C@H]1C(=O)C[C@@H](O)[C@@H]1/C=C/CC(C)(O)CCC1CCCCCC1,KFQOCRVSIWXQLA-IMKGNWDTSA-N,,DECOY,0,O=C1CCC(C=CCCCCC2CCCCCC2)C1,train
,C#CCN(Cc1ccc2nc(C)nc(O)c2c1)c1ccc(C(=O)NCc2ccccc2[N+](=O)[O-])cc1,OAWSIVPEPUPFRS-UHFFFAOYSA-N,,DECOY,0,O=C(NCc1ccccc1)c1ccc(NCc2ccc3ncncc3c2)cc1,train
,CCCN(CCC)[C@H]1CCc2c(O)cccc2C1,MDBWEQVKJDMEMK-AWEZNQCLSA-N,,DECOY,0,c1ccc2c(c1)CCCC2,train
,Cc1cc(O)nc2cc(N)ccc12,MJXYFLJHTUSJGU-UHFFFAOYSA-N,,DECOY,0,c1ccc2ncccc2c1,train
,Cc1cc(O)nc2cc(O)ccc12,MYEVEFULPUKTSZ-UHFFFAOYSA-N,,DECOY,0,c1ccc2ncccc2c1,train
,c1ccc2c(c1)cc1n2CCNC1,AEIDURNZWCNQIM-UHFFFAOYSA-N,,DECOY,0,c1ccc2c(c1)cc1n2CCNC1,train
,COc1ccc2cc3n(c2c1)CCNC3,TXOXRFRYYDBUAR-UHFFFAOYSA-N,,DECOY,0,c1ccc2c(c1)cc1n2CCNC1,train
,COc1ccc2c(c1)cc1n2CCNC1,OCHMVUBCWNSWJE-UHFFFAOYSA-N,,DECOY,0,c1ccc2c(c1)cc1n2CCNC1,train
,c1ccc2c(c1)nc1n2CCNC1,CVGPZQMGLKRVJV-UHFFFAOYSA-N,,DECOY,0,c1ccc2c(c1)nc1n2CCNC1,train
,Cc1cc(=O)n(C(=O)OC(C)(C)C)c2c3c(ccc12)OC(C)(C)C=C3,UEBXUFSLLVGRQN-UHFFFAOYSA-N,,DECOY,0,O=c1ccc2ccc3c(c2[nH]1)C=CCO3,train
,CN(C)c1cccc2c(S(=O)(=O)Nc3cnc(Br)cn3)cccc12,DFVPVSOUYKGHAX-UHFFFAOYSA-N,,DECOY,0,O=S(=O)(Nc1cnccn1)c1cccc2ccccc12,train
,Nc1nc(N)c2nc(Sc3ccc4ccccc4c3)cnc2n1,CQSNOLHCEIHDLG-UHFFFAOYSA-N,,DECOY,0,c1ccc2cc(Sc3cnc4ncncc4n3)ccc2c1,train
,Oc1ccc(C(=C2CCCCC2)c2ccc(O)cc2)cc1,POEZOFHZEJTFHF-UHFFFAOYSA-N,,DECOY,0,c1ccc(C(=C2CCCCC2)c2ccccc2)cc1,train
,Oc1ccc(C(=C(C(F)(F)F)C(F)(F)F)c2ccccc2)cc1,SGDKKXBZRDIBGC-UHFFFAOYSA-N,,DECOY,0,C=C(c1ccccc1)c1ccccc1,train
,Cc1cc(Cl)nnc1NS(=O)(=O)c1cccc2c(N(C)C)cccc12,WTGLGALNVFXVHG-UHFFFAOYSA-N,,DECOY,0,O=S(=O)(Nc1cccnn1)c1cccc2ccccc12,train
,Nc1nc(N)c2nc(Sc3cc(Cl)c(Cl)cc3Cl)cnc2n1,PGLOMWWRBMRVAZ-UHFFFAOYSA-N,,DECOY,0,c1ccc(Sc2cnc3ncncc3n2)cc1,train
,COC(=O)Nc1ccc(C2CC3CCC2N3)cn1,VEMSBPBTPDEDKU-UHFFFAOYSA-N,,DECOY,0,c1cncc(C2CC3CCC2N3)c1,train
,Clc1ncc(C2CC3CCC2N3)cn1,CKXWRJNYEPKBPI-UHFFFAOYSA-N,,DECOY,0,c1ncc(C2CC3CCC2N3)cn1,train
,CCC1CCNc2cc3oc(=O)cc(C(F)(F)F)c3cc21,FVNZFSAGJPHSHT-UHFFFAOYSA-N,,DECOY,0,O=c1ccc2cc3c(cc2o1)NCCC3,train
,CCOC(=O)c1ccc(NC(=O)Nc2ccc3c(c2)C(C)(C)CC(C)(C)S3)cc1,JDLHMPAKFYRMTR-UHFFFAOYSA-N,,DECOY,0,O=C(Nc1ccccc1)Nc1ccc2c(c1)CCCS2,train
,CN1C(=O)CN=C(c2ccccc2)c2cc(Cl)ccc21,AAOVKJBEBIDNHE-UHFFFAOYSA-N,,DECOY,0,O=C1CN=C(c2ccccc2)c2ccccc2N1,train
,O=C(CCl)Nc1ccc(C2CC3CCC2N3)cn1,XUSGODCXISXICT-UHFFFAOYSA-N,,DECOY,0,c1cncc(C2CC3CCC2N3)c1,train
,CC(=O)NC[C@H]1CN(c2ccc(C(C)=O)cc2)C(=O)O1,POXUJOYUVLWPQN-ZDUSSCGKSA-N,,DECOY,0,O=C1OCCN1c1ccccc1,train
,CC1(C)CC(C)(C)c2cc(N/C(S)=N/c3ccc(S(N)(=O)=O)cc3)ccc2S1,HNXZQKZCCDWHKO-UHFFFAOYSA-N,,DECOY,0,C(=Nc1ccccc1)Nc1ccc2c(c1)CCCS2,train
,CCOC(=O)c1ncn2c1CN(C)C(=O)c1cc(N=[N+]=[N-])ccc1-2,CFSOJZTUTOQNIA-UHFFFAOYSA-N,,DECOY,0,O=C1NCc2cncn2-c2ccccc21,train
,CN1Cc2c(C(=O)OC(C)(C)C)ncn2-c2ccc(N=[N+]=[N-])cc2C1=O,ORJZGDWYWRKAAI-UHFFFAOYSA-N,,DECOY,0,O=C1NCc2cncn2-c2ccccc21,train
,CN(C)c1cccc2c(S(=O)(=O)Nc3cnc(Cl)cn3)cccc12,QVIHMHNAXFQPQO-UHFFFAOYSA-N,,DECOY,0,O=S(=O)(Nc1cnccn1)c1cccc2ccccc12,train
,CCCN(NC(=O)[C@H]1CCCN1C(=O)[C@@H](NC(=O)[C@@H](NC(=O)[C@H](CC(=O)O)NC(=O)[C@H](CCC(=O)O)NC(C)=O)C(C)C)C(C)C)C(=O)N[C@@H](CO)C(=O)N[C@@H](CCSC)C(=O)N[C@@H](CO)C(N)=O,SIFSODAWEKAOQQ-QAHOUDLISA-N,,DECOY,0,C1CCNC1,train
,O=C1NCCN(c2cccnc2)N1,STPWRBQEZQQXKR-UHFFFAOYSA-N,,DECOY,0,O=C1NCCN(c2cccnc2)N1,train
,CNC(=O)c1cc(-c2ccncc2)nnc1Cl,KLHZPEZDSHYCQP-UHFFFAOYSA-N,,DECOY,0,c1cnnc(-c2ccncc2)c1,train
,CN(C)C(=O)c1cc(-c2ccncc2)nnc1Cl,GUIQXSDLUICCPV-UHFFFAOYSA-N,,DECOY,0,c1cnnc(-c2ccncc2)c1,train
,N#Cc1cc(-c2ccncc2)nnc1Cl,GAEYOYYTNAXZBY-UHFFFAOYSA-N,,DECOY,0,c1cnnc(-c2ccncc2)c1,train
,Cc1cnc(NS(=O)(=O)c2cccc3c(N(C)C)cccc23)cn1,KMWSOKYMPGSVHO-UHFFFAOYSA-N,,DECOY,0,O=S(=O)(Nc1cnccn1)c1cccc2ccccc12,train
,CN(C)/C=N\c1nc(/N=C/N(C)C)nc2ncc(Sc3ccc(Cl)c(Cl)c3)nc12,PNQCEOXWZYHHGF-HOCGEZQUSA-N,,DECOY,0,c1ccc(Sc2cnc3ncncc3n2)cc1,train
,COC(=O)CC/C=C\CC[C@H]1C(=O)C[C@@H](O)[C@@H]1/C=C/CC(C)(O)CCC1CCCC1,NWZJYAFFJRBOHR-SAJQGIDCSA-N,,DECOY,0,O=C1CCC(C=CCCCCC2CCCC2)C1,train
,CCCCC(=O)N(CCC)NC(=O)[C@H]1CCCN1C(=O)[C@@H](NC(=O)[C@@H](NC(=O)[C@H](CC(=O)O)NC(=O)[C@H](CCC(=O)O)NC(=O)[C@@H](NC(=O)[C@H](CC(=O)O)NC(C)=O)[C@@H](C)O)C(C)C)C(C)C,MJWLGFOPOTZIDL-JKPMNOKBSA-N,,DECOY,0,C1CCNC1,train
,CCCN(NC(=O)[C@H]1CCCN1C(=O)[C@@H](NC(=O)[C@@H](NC(=O)[C@H](CC(=O)O)NC(=O)[C@H](CCC(=O)O)NC(=O)[C@@H](NC(=O)[C@H](CC(=O)O)NC(C)=O)[C@@H](C)O)C(C)C)C(C)C)C(=O)C(=O)OCC,RVVJADZROFIWOK-POVHYMBBSA-N,,DECOY,0,C1CCNC1,train
,CCCN(NC(=O)[C@H]1CCCN1C(=O)[C@@H](NC(=O)[C@@H](NC(=O)[C@H](CC(=O)O)NC(=O)[C@H](CCC(=O)O)NC(=O)[C@@H](NC(=O)[C@H](CC(=O)O)NC(C)=O)[C@@H](C)O)C(C)C)C(C)C)C(=O)CBr,JVVKFOUHRHSJLO-UVTIEPFQSA-N,,DECOY,0,C1CCNC1,train
,Cc1cc(NS(=O)(=O)c2cccc3c(N(C)C)cccc23)nnc1Cl,SYRDOLQNAYZUOF-UHFFFAOYSA-N,,DECOY,0,O=S(=O)(Nc1cccnn1)c1cccc2ccccc12,train
,CCOC(=O)c1cc(-c2ccncc2)nnc1Cl,DJUJHVXAIYTWRW-UHFFFAOYSA-N,,DECOY,0,c1cnnc(-c2ccncc2)c1,train
,CC(=O)NCC1CN(c2ccc(-c3ccc(N4CCOCC4)c(=O)cc3)cc2)C(=O)O1,DJYUOQWBJWWJSV-UHFFFAOYSA-N,,DECOY,0,O=C1OCCN1c1ccc(-c2ccc(N3CCOCC3)c(=O)cc2)cc1,train
,NC(=O)c1cnnc(-c2ccncc2)c1,BIBSHAPSZOGEPX-UHFFFAOYSA-N,,DECOY,0,c1cnnc(-c2ccncc2)c1,train
,COc1nnc(-c2ccncc2)cc1C(N)=O,HCAPDUFVMMSBRM-UHFFFAOYSA-N,,DECOY,0,c1cnnc(-c2ccncc2)c1,train
,CN(C)c1cccc2c(S(=O)(=O)Nc3cnc(Br)nc3)cccc12,PBZQPEYJZSYMNV-UHFFFAOYSA-N,,DECOY,0,O=S(=O)(Nc1cncnc1)c1cccc2ccccc12,train
,C#CCNc1cccc(-c2ccc(N3CC(CNC(C)=O)OC3=O)cc2)cc1=O,CQXCEEABNMRESO-UHFFFAOYSA-N,,DECOY,0,O=C1OCCN1c1ccc(-c2ccccc(=O)c2)cc1,train
,CCC1CCN=C(N)C1,CTTYZHUIOUHYSM-UHFFFAOYSA-N,,DECOY,0,C1=NCCCC1,train
,CC(C)CC(=O)C(=O)N1CCCCC1C(=O)OCCS(=O)(=O)c1ccccc1,DRPXNQCDXQSGKP-UHFFFAOYSA-N,,DECOY,0,O=C(OCCS(=O)(=O)c1ccccc1)C1CCCCN1,train
,COc1c2occc2c(COCCC[N+](C)(C)C)c2ccc(=O)oc12.[Br-],SKTSZSCUJGHYBI-UHFFFAOYSA-M,,DECOY,0,O=c1ccc2cc3ccoc3cc2o1,train
,Nc1ccc(S(=O)(=O)Nc2ccccc2S(N)(=O)=O)cc1,MTYAYRDXCSXATC-UHFFFAOYSA-N,,DECOY,0,O=S(=O)(Nc1ccccc1)c1ccccc1,train
,COCCc1ccc(OCC(O)CNC(C)C)cc1,IUBSYMUCCVWXPE-UHFFFAOYSA-N,,DECOY,0,c1ccccc1,train
,CCC1CCc2cc3c(C(F)(F)F)cc(=O)oc3cc2N1,YNKWXKPDLGJQBC-UHFFFAOYSA-N,,DECOY,0,O=c1ccc2cc3c(cc2o1)NCCC3,train
,CC1(C)CCc2cc3c(C(F)(F)F)cc(=O)oc3cc2N1,XCAOBUOTWGIJFB-UHFFFAOYSA-N,,DECOY,0,O=c1ccc2cc3c(cc2o1)NCCC3,train
,O=C1N(CN2CCOCC2)c2ccccc2C12SCCS2,NODPYTVIGVCLIU-UHFFFAOYSA-N,,DECOY,0,O=C1N(CN2CCOCC2)c2ccccc2C12SCCS2,train
,CC1c2ccccc2CN1NC(=O)c1ccc(Cl)c(S(N)(=O)=O)c1,BHUKYXOYJMLRAK-UHFFFAOYSA-N,,DECOY,0,O=C(NN1Cc2ccccc2C1)c1ccccc1,train
,O=c1ccc2cc3ccoc3c(OCCO)c2o1,HUPKLLISRSOIBX-UHFFFAOYSA-N,,DECOY,0,O=c1ccc2cc3ccoc3cc2o1,train
,COc1c2occc2c(CN2CCCCC2)c2ccc(=O)oc12.Cl,DTMJPMANJWSPEL-UHFFFAOYSA-N,,DECOY,0,O=c1ccc2c(CN3CCCCC3)c3ccoc3cc2o1,train
,NS(=O)(=O)c1cccc2ccccc12,ZFIFHAKCBWOSRN-UHFFFAOYSA-N,,DECOY,0,c1ccc2ccccc2c1,train
,O=c1cc(C(F)(F)F)c2cc3c(cc2o1)NCCC3,XJDJBMLMMBPNGL-UHFFFAOYSA-N,,DECOY,0,O=c1ccc2cc3c(cc2o1)NCCC3,train
,NCCc1ccc(S(N)(=O)=O)cc1,FXNSVEQMUYPYJS-UHFFFAOYSA-N,,DECOY,0,c1ccccc1,train
,Clc1ccc2nc(N3CCNCC3)c(Sc3ccccc3)nc2c1,KFNGYQUIDOPJEE-UHFFFAOYSA-N,,DECOY,0,c1ccc(Sc2nc3ccccc3nc2N2CCNCC2)cc1,train
,NS(=O)(=O)c1cc(C(=O)NN2Cc3ccccc3C2CO)ccc1Cl,SUQAZNUNUJOHJW-UHFFFAOYSA-N,,DECOY,0,O=C(NN1Cc2ccccc2C1)c1ccccc1,train
,CN1CCCCC1=N,SPUOAGXTYHGYSF-UHFFFAOYSA-N,,DECOY,0,N=C1CCCCN1,train
,CCC(c1ccc(O)cc1)C(CCBr)c1ccc(O)cc1,RLVGNSZBYNJPGU-UHFFFAOYSA-N,,DECOY,0,c1ccc(CCc2ccccc2)cc1,train
,O=c1cc(C(F)(F)F)c2cc3c(cc2o1)NCCC3C(F)(F)F,NRQQDFFSJPVQFQ-UHFFFAOYSA-N,,DECOY,0,O=c1ccc2cc3c(cc2o1)NCCC3,train
,CSc1nnc(-c2ccncc2)cc1C(N)=O,LDCYJSWHASKUSX-UHFFFAOYSA-N,,DECOY,0,c1cnnc(-c2ccncc2)c1,train
,CCOC(=O)c1ccc(N/C(S)=N/c2cc3c(cc2C)SC(C)(C)CC3(C)C)cc1,PEDXWASSKCBZSV-UHFFFAOYSA-N,,DECOY,0,C(=Nc1ccc2c(c1)CCCS2)Nc1ccccc1,train
,CCCN(NC(=O)[C@H]1CCCN1C(=O)[C@@H](NC(=O)[C@@H](NC(=O)[C@H](CC(=O)O)NC(=O)[C@H](CCC(=O)O)NC(=O)[C@@H](NC(=O)[C@H](CC(=O)O)NC(C)=O)[C@@H](C)O)C(C)C)C(C)C)C(=O)OC(Cl)C(Cl)(Cl)Cl,YTZPTXBHHHROKG-KJDAPUDISA-N,,DECOY,0,C1CCNC1,train
,CCCN(NC(=O)[C@H]1CCCN1C(=O)[C@@H](NC(=O)[C@@H](NC(=O)[C@H](CC(=O)O)NC(=O)[C@H](CCC(=O)O)NC(=O)[C@@H](NC(=O)[C@H](CC(=O)O)NC(C)=O)[C@@H](C)O)C(C)C)C(C)C)C(=O)OCC(Cl)(Cl)Cl,LCMDIWJJNRUJBV-ZYZBBMSPSA-N,,DECOY,0,C1CCNC1,train
,CCCN(NC(=O)[C@H]1CCCN1C(=O)[C@@H](NC(=O)[C@@H](NC(=O)[C@H](CC(=O)O)NC(=O)[C@H](CCC(=O)O)NC(=O)[C@@H](NC(=O)[C@H](CC(=O)O)NC(C)=O)[C@@H](C)O)C(C)C)C(C)C)C(=O)CCl,BBCTXECQSODUJA-UVTIEPFQSA-N,,DECOY,0,C1CCNC1,train
,Cc1cc(O)nc2c3c(ccc12)OC(C)(C)[C@H](OC(=O)C12CCC(C)(C(=O)O1)C2(C)C)[C@@H]3OC(=O)C12CCC(C)(C(=O)O1)C2(C)C,QUNWSCRURXSLAV-QFSSIGTRSA-N,,DECOY,0,O=C1OC2(C(=O)OC3COc4ccc5cccnc5c4C3OC(=O)C34CCC(C3)C(=O)O4)CCC1C2,train
,O=c1cc(C(F)(F)F)c2cc3c(cc2o1)NCCC3C(F)(F)C(F)(F)F,YRBHIOJIJNNVRF-UHFFFAOYSA-N,,DECOY,0,O=c1ccc2cc3c(cc2o1)NCCC3,train
,C=CCc1ccccc1OCC(O)CNC(C)C,PAZJSJFMUHDSTF-UHFFFAOYSA-N,,DECOY,0,c1ccccc1,train
,CCC1CCN(C)c2cc3oc(=O)cc(C(F)(F)F)c3cc21,UJFDYZLNPGPIRM-UHFFFAOYSA-N,,DECOY,0,O=c1ccc2cc3c(cc2o1)NCCC3,train
,C#CCN(Cc1ccc2nc(C)nc(O)c2c1)c1ccc(C(=O)NCc2ccccn2)cc1,NOSAAJVWVAGBEH-UHFFFAOYSA-N,,DECOY,0,O=C(NCc1ccccn1)c1ccc(NCc2ccc3ncncc3c2)cc1,train
,CCCC1CCNc2cc3oc(=O)cc(C(F)(F)F)c3cc21,VTRALRXIBUAIMP-UHFFFAOYSA-N,,DECOY,0,O=c1ccc2cc3c(cc2o1)NCCC3,train
,O=C(C(=O)N1CCCCC1C(=O)OCCS(=O)(=O)c1ccccc1)c1ccccc1,HOYLKJZZXSKKOL-UHFFFAOYSA-N,,DECOY,0,O=C(C(=O)N1CCCCC1C(=O)OCCS(=O)(=O)c1ccccc1)c1ccccc1,train
,CC(C)(C)C(=O)C(=O)N1CCCCC1C(=O)OCCCc1cccnc1,VTMOQECMEVAMGR-UHFFFAOYSA-N,,DECOY,0,O=C(OCCCc1cccnc1)C1CCCCN1,train
,C#CCN(Cc1ccc2nc(C)nc(O)c2c1)c1ccc(C(=O)NCc2cccc(C(=O)O)c2)cc1,IWTLSNQWFCQMPR-UHFFFAOYSA-N,,DECOY,0,O=C(NCc1ccccc1)c1ccc(NCc2ccc3ncncc3c2)cc1,train
,NC(=O)c1cc(-c2ccncc2)nnc1Cl,WFMVJXMPCFFSTK-UHFFFAOYSA-N,,DECOY,0,c1cnnc(-c2ccncc2)c1,train
,COc1ccc(OC)c(C[C@@H](C)N)c1,LATVFYDIBMDBSY-MRVPVSSYSA-N,,DECOY,0,c1ccccc1,train
,FC(F)(F)c1ccc2nc(N3CCNCC3)c(Sc3ccccc3)nc2c1,OBRJYVVLWMQMIE-UHFFFAOYSA-N,,DECOY,0,c1ccc(Sc2nc3ccccc3nc2N2CCNCC2)cc1,train
,CC[N+](CC)(CC)Cc1c2ccoc2c(OC)c2oc(=O)ccc12.[Cl-],BAMFJGIOJAXVBP-UHFFFAOYSA-M,,DECOY,0,O=c1ccc2cc3ccoc3cc2o1,train
,Cc1cc([N+](=O)[O-])ccc1/N=C(\S)Nc1ccc2c(c1)C(C)(C)CC(C)(C)S2,CMVYAMQKLILTCP-UHFFFAOYSA-N,,DECOY,0,C(=Nc1ccccc1)Nc1ccc2c(c1)CCCS2,train
,CC1(C)CC(C)(C)c2cc(NC(=S)Nc3ccc([N+](=O)[O-])cc3)ccc2S1,FWWKIYPMUZVMQG-UHFFFAOYSA-N,,DECOY,0,S=C(Nc1ccccc1)Nc1ccc2c(c1)CCCS2,train
,C[C@H](N)Cc1c2ccoc2c(C(F)(F)F)c2ccoc12.Cl,OOIFSTYDVQDIPJ-FJXQXJEOSA-N,,DECOY,0,c1cc2cc3occc3cc2o1,train
,CC(C)OC(=O)c1ncn2c1CN(C)C(=O)c1cc(Cl)ccc1-2,AEEODWYIEWWPHZ-UHFFFAOYSA-N,,DECOY,0,O=C1NCc2cncn2-c2ccccc21,train
,CCCOC(=O)c1ncn2c1CN(C)C(=O)c1cc(Cl)ccc1-2,QTSYRLXDMNGLSF-UHFFFAOYSA-N,,DECOY,0,O=C1NCc2cncn2-c2ccccc21,train
,CCC(c1ccc(O)cc1)C(CCF)c1ccc(O)cc1,WJHRTUIAPLGNMC-UHFFFAOYSA-N,,DECOY,0,c1ccc(CCc2ccccc2)cc1,train
,CCC(c1ccc(O)cc1)C(CCCl)c1ccc(O)cc1,YRQVDOXOSANGJQ-UHFFFAOYSA-N,,DECOY,0,c1ccc(CCc2ccccc2)cc1,train
,CC1=C(/C=C/C(C)=C/C=C/C(C)=C/C(=O)Nc2ccc(O)cc2)C(C)(C)CCC1,AKJHMTWEGVYYSE-FXILSDISSA-N,,DECOY,0,O=C(C=CC=CC=CC=CC1=CCCCC1)Nc1ccccc1,train
,CC1=CC2[C@@]3(O)[C@H](C)C[C@]4(OC(=O)CCCCCCC[C@H]5C[C@@H]5C)[C@H]([C@@H]3C(C)=C(CO)C[C@]2(O)C1=O)C4(C)C,HYMYZKAGLLSVMV-ZRBIGWEPSA-N,,DECOY,0,O=C(CCCCCCCC1CC1)OC12CCC3C4C=CC(=O)C4CC=CC3C1C2,train
,Cc1cc(=O)n(C(=O)OC(C)(C)C)c2c3c(ccc12)OC(C)(C)[C@H](OC(=O)C12CCC(C)(C(=O)O1)C2(C)C)[C@@H]3OC(=O)C12CCC(C)(C(=O)O1)C2(C)C,SEHKMSRRJOLHJA-CFOKTJJSSA-N,,DECOY,0,O=C1OC2(C(=O)OC3COc4ccc5ccc(=O)[nH]c5c4C3OC(=O)C34CCC(C3)C(=O)O4)CCC1C2,train
,Cc1c(O)nc2c3c(ccc2c1C)OC(C)(C)[C@H](OC(=O)C12CCC(C)(C(=O)O1)C2(C)C)[C@@H]3OC(=O)C12CCC(C)(C(=O)O1)C2(C)C,ASKPTLJBMCNNKG-QYWJQYFGSA-N,,DECOY,0,O=C1OC2(C(=O)OC3COc4ccc5cccnc5c4C3OC(=O)C34CCC(C3)C(=O)O4)CCC1C2,train
,CC1(C)Oc2ccc3ccc(=O)oc3c2[C@@H](OC(=O)C23CCC(C)(C(=O)O2)C3(C)C)[C@H]1OC(=O)C12CCC(C)(C(=O)O1)C2(C)C,ZJIDTNTWJHYPGM-MRAUNTDJSA-N,,DECOY,0,O=C1OC2(C(=O)OC3COc4ccc5ccc(=O)oc5c4C3OC(=O)C34CCC(C3)C(=O)O4)CCC1C2,train
,COC(=O)c1ncn2c1CN(C)C(=O)c1sccc1-2,NTYBXVOZFGOCCH-UHFFFAOYSA-N,,DECOY,0,O=C1NCc2cncn2-c2ccsc21,train
,CC(C)CC(=O)C(=O)N1CCCCC1C(=O)OCCCc1cccnc1,JYSZKROENALEDO-UHFFFAOYSA-N,,DECOY,0,O=C(OCCCc1cccnc1)C1CCCCN1,train
,CCC1Nc2cc3oc(=O)cc(C(F)(F)F)c3cc2CC1C,GTZWEKOQKQIWQD-UHFFFAOYSA-N,,DECOY,0,O=c1ccc2cc3c(cc2o1)NCCC3,train
,CCOC(=O)c1ncn2c1CN(C)C(=O)c1ccccc1-2,HNGRWUCKESPKRC-UHFFFAOYSA-N,,DECOY,0,O=C1NCc2cncn2-c2ccccc21,train
,COCc1c2ccoc2c(OC)c2oc(=O)ccc12,ADISAXBOSWJNRL-UHFFFAOYSA-N,,DECOY,0,O=c1ccc2cc3ccoc3cc2o1,train
,CCC(c1ccc(O)cc1)C(CCI)c1ccc(O)cc1,KMOUPDMGFJLHJS-UHFFFAOYSA-N,,DECOY,0,c1ccc(CCc2ccccc2)cc1,train
,CC12CCC3c4ccc(O)cc4CCC3C1CCC2O,VOXZDWNPVJITMN-UHFFFAOYSA-N,,DECOY,0,c1ccc2c(c1)CCC1C2CCC2CCCC21,train
,Nc1nccc(Nc2ccc(S(N)(=O)=O)cc2)n1,QOAXQANKSMHFKJ-UHFFFAOYSA-N,,DECOY,0,c1ccc(Nc2ccncn2)cc1,train
,CCO[C@H]1O[C@@H]2O[C@@]3(C)CCC4[C@H](C)CCC([C@H]1C)[C@]42OO3,NLYNIRQVMRLPIQ-NFCUVNJBSA-N,,DECOY,0,C1CC2CCOC3OC4CCC(C1)C23OO4,train
,COc1c2occc2c(CO)c2ccc(=O)oc12,BMOUFGSYQMAJTB-UHFFFAOYSA-N,,DECOY,0,O=c1ccc2cc3ccoc3cc2o1,train
,COc1c2occc2c(CN2CCN(C)CC2)c2ccc(=O)oc12.Cl,ZGLBJNQPVMVUIX-UHFFFAOYSA-N,,DECOY,0,O=c1ccc2c(CN3CCNCC3)c3ccoc3cc2o1,train
,CCOc1ccc(NS(=O)(=O)c2cccc3c(N(C)C)cccc23)nn1,QWTLDQHYZZGSAB-UHFFFAOYSA-N,,DECOY,0,O=S(=O)(Nc1cccnn1)c1cccc2ccccc12,train
,COc1ccc(NS(=O)(=O)c2cccc3c(N(C)C)cccc23)nn1,DMZKKCRZCZZBAT-UHFFFAOYSA-N,,DECOY,0,O=S(=O)(Nc1cccnn1)c1cccc2ccccc12,train
,Nc1cc(Cl)c(S(N)(=O)=O)cc1S(N)(=O)=O,IHJCXVZDYSXXFT-UHFFFAOYSA-N,,DECOY,0,c1ccccc1,train
,CCCN(NC(=O)[C@H]1CCCN1C(=O)[C@@H](NC(=O)[C@@H](NC(=O)[C@H](CC(=O)O)NC(=O)[C@H](CCC(=O)O)NC(=O)[C@@H](NC(=O)[C@H](CC(=O)O)NC(C)=O)[C@@H](C)O)C(C)C)C(C)C)C(=O)OC(C)(C)C(Cl)(Cl)Cl,ZRRBFQWDNYWGBK-POVHYMBBSA-N,,DECOY,0,C1CCNC1,train
,C[N+](C)(C)CCOC(N)=O.[Cl-],AIXAANGOTKPUOY-UHFFFAOYSA-N,,DECOY,0,,train
,C=CCNc1cccc(-c2ccc(N3CC(CNC(C)=O)OC3=O)cc2)cc1=O,GQGPWIWCECCZLF-UHFFFAOYSA-N,,DECOY,0,O=C1OCCN1c1ccc(-c2ccccc(=O)c2)cc1,train
,C=CCOc1noc2c1CNCC2.Cl,OHZDCLVTEMUSFX-UHFFFAOYSA-N,,DECOY,0,c1noc2c1CNCC2,train
,Cl.c1ccc(COc2noc3c2CNCC3)cc1,KNQQDOUAUHGRHW-UHFFFAOYSA-N,,DECOY,0,c1ccc(COc2noc3c2CNCC3)cc1,train
,CCN1CCc2onc(OC)c2C1.Cl,NXWHMHNUXVMTKI-UHFFFAOYSA-N,,DECOY,0,c1noc2c1CNCC2,train
,CN1Cc2c(C(=O)OC(C)(C)C)ncn2-c2ccsc2C1=O,ZIGMMUKDYCABPW-UHFFFAOYSA-N,,DECOY,0,O=C1NCc2cncn2-c2ccsc21,train
,CN(C)N=Nc1ccc2c(c1)C(=O)N(C)Cc1c(C(=O)OC(C)(C)C)ncn1-2,HZWIRYNNPCVNQT-UHFFFAOYSA-N,,DECOY,0,O=C1NCc2cncn2-c2ccccc21,train
,CN1Cc2c(C(=O)OC(C)(C)C)ncn2-c2ccc(N=C=S)cc2C1=O,UYPWOMKFYXODIW-UHFFFAOYSA-N,,DECOY,0,O=C1NCc2cncn2-c2ccccc21,train
,CC(=O)OCC1=C[C@H]2[C@@H]3C(C)(C)[C@]3(OC(=O)Cc3ccccc3)C[C@@H](C)[C@]2(O)C2C=C(C)C(=O)[C@@]2(O)C1,MEDVHSNRBPAIPU-OCCWHXBISA-N,,DECOY,0,O=C(Cc1ccccc1)OC12CCC3C4C=CC(=O)C4CC=CC3C1C2,train
,CCCN(NC(=O)[C@H]1CCCN1C(=O)[C@@H](NC(=O)[C@@H](NC(=O)[C@H](CC(=O)O)NC(=O)[C@H](CCC(=O)O)NC(=O)[C@@H](NC(=O)[C@H](CC(=O)O)NC(C)=O)[C@@H](C)O)C(C)C)C(C)C)C(=O)c1ccc(-c2ccccc2)cc1,YEFHNGFTBDKXBC-FZIRJUHISA-N,,DECOY,0,O=C(NNC(=O)C1CCCN1)c1ccc(-c2ccccc2)cc1,train
,CCCN(NC(=O)[C@H]1CCCN1C(=O)[C@@H](NC(=O)[C@@H](NC(=O)[C@H](CC(=O)O)NC(=O)[C@H](CCC(=O)O)NC(=O)[C@@H](NC(=O)[C@H](CC(=O)O)NC(C)=O)[C@@H](C)O)C(C)C)C(C)C)C(=O)c1ccc(/N=N\c2ccc([N+](=O)[O-])cc2)cc1,QTBBQYWWGOKLHG-VGFMVZORSA-N,,DECOY,0,O=C(NNC(=O)C1CCCN1)c1ccc(N=Nc2ccccc2)cc1,train
,COc1cccc2c1C(=O)c1c(O)c3c(c(O)c1C2=O)C[C@@](O)(C(=O)CO)C[C@@H]3O[C@H]1C[C@H](NC(=O)OCC2=C(C(=O)OC(C)(C)C)N3C(=O)[C@@H](Cl)[C@@H]3S(=O)(=O)C2)[C@@H](O)[C@H](C)O1,FWDRIGJFHRDFQZ-FDGPNNKWSA-N,,DECOY,0,O=C(NC1CCOC(OC2CCCc3cc4c(cc32)C(=O)c2ccccc2C4=O)C1)OCC1=CN2C(=O)CC2S(=O)(=O)C1,train
,CCCN(NC(=O)[C@H]1CCCN1C(=O)[C@@H](NC(=O)[C@@H](NC(=O)[C@H](CC(=O)O)NC(=O)[C@H](CCC(=O)O)NC(=O)[C@@H](NC(=O)[C@H](CC(=O)O)NC(C)=O)[C@@H](C)O)C(C)C)C(C)C)C(=O)Sc1ccccc1,BWPMQPICHWVGBM-PFPONLIYSA-N,,DECOY,0,O=C(NNC(=O)C1CCCN1)Sc1ccccc1,train
,CCCN(NC(=O)[C@H]1CCCN1C(=O)[C@@H](NC(=O)[C@@H](NC(=O)[C@H](CC(=O)O)NC(=O)[C@H](CCC(=O)O)NC(=O)[C@@H](NC(=O)[C@H](CC(=O)O)NC(C)=O)[C@@H](C)O)C(C)C)C(C)C)C(=O)Sc1ccc(Cl)cc1,VULRHKJVSPXIMU-SNXMAQIISA-N,,DECOY,0,O=C(NNC(=O)C1CCCN1)Sc1ccccc1,train
,Br.Oc1noc2c1CNCC2,SFAVNCAJEGVFMX-UHFFFAOYSA-N,,DECOY,0,c1noc2c1CNCC2,train
,C[N+](C)(C)CCCOc1c2occc2cc2ccc(=O)oc12.[Br-],YYCHDGRSPIRTRZ-UHFFFAOYSA-M,,DECOY,0,O=c1ccc2cc3ccoc3cc2o1,train
,Nc1ccc(S(=O)(=O)NCCc2ccc(S(N)(=O)=O)cc2)cc1,WODATDPNMUWSHD-UHFFFAOYSA-N,,DECOY,0,O=S(=O)(NCCc1ccccc1)c1ccccc1,train
,Nc1ccc(S(=O)(=O)Nc2ccc(S(N)(=O)=O)cc2)cc1,GCQZFVAHUZIDRP-UHFFFAOYSA-N,,DECOY,0,O=S(=O)(Nc1ccccc1)c1ccccc1,train
,Nc1ccc(S(=O)(=O)Nc2nnc(S(N)(=O)=O)s2)cc1,BDLSLORLEPSOGW-UHFFFAOYSA-N,,DECOY,0,O=S(=O)(Nc1nncs1)c1ccccc1,train
,CN1Cc2c(C(=O)OC(C)(C)C)ncn2-c2ccc([N+](=O)[O-])cc2C1=O,RELKUIIVWKRWEL-UHFFFAOYSA-N,,DECOY,0,O=C1NCc2cncn2-c2ccccc21,train
,CN(C)c1cccc2c(S(=O)(=O)Nc3ccc(C#N)nn3)cccc12,FZSXUFHWRYAISN-UHFFFAOYSA-N,,DECOY,0,O=S(=O)(Nc1cccnn1)c1cccc2ccccc12,train
,CNC(=O)c1cc(Cl)nnc1Cl,FSNHYLZKQOGDJR-UHFFFAOYSA-N,,DECOY,0,c1ccnnc1,train
,CCOc1noc2c1CN(C)CC2.Cl,AQYXZOFAYAWXHY-UHFFFAOYSA-N,,DECOY,0,c1noc2c1CNCC2,train
,NS(=O)(=O)c1ccc(C(=O)O)cc1,UCAGLBKTLXCODC-UHFFFAOYSA-N,,DECOY,0,c1ccccc1,train
,NS(=O)(=O)c1ccc(CCO)cc1,RYKHXKKLCRPAJP-UHFFFAOYSA-N,,DECOY,0,c1ccccc1,train
,CN1Cc2c(C(=O)OC(C)(C)C)ncn2-c2ccc(I)cc2C1=O,YVPJMZCJVHJOFG-UHFFFAOYSA-N,,DECOY,0,O=C1NCc2cncn2-c2ccccc21,train
,C/N=c1\ccc(-c2ccc(N3CC(CNC(C)=O)OC3=O)cc2)ccc1O,KAKXRVVBBNLNRY-UHFFFAOYSA-N,,DECOY,0,N=c1cccc(-c2ccc(N3CCOC3=O)cc2)cc1,train
,NS(=O)(=O)c1cc(C(=O)NN2Cc3ccccc3C2C(=O)O)ccc1Cl,XYBPXNKGYOGVST-UHFFFAOYSA-N,,DECOY,0,O=C(NN1Cc2ccccc2C1)c1ccccc1,train
,CN(N=O)c1ccccc1,MAXCWSIJKVASQC-UHFFFAOYSA-N,,DECOY,0,c1ccccc1,train
,NS(=O)(=O)c1ccc(CO)cc1,UULCVOIRJRJPQS-UHFFFAOYSA-N,,DECOY,0,c1ccccc1,train
,N=C1CCCCN1,DHGUMNJVFYRSIG-UHFFFAOYSA-N,,DECOY,0,N=C1CCCCN1,train
,CN(N=O)c1cc(O)ccc1O,HCJOLYFWJWJPTJ-UHFFFAOYSA-N,,DECOY,0,c1ccccc1,train
,COc1c2occc2c(COCCCO)c2ccc(=O)oc12,WXBCYHPCXAOJGQ-UHFFFAOYSA-N,,DECOY,0,O=c1ccc2cc3ccoc3cc2o1,train
,CNc1ncnc2c1ncn2Cc1cccc(OCc2ccccc2)c1,ZSSMLGUNENTCOM-UHFFFAOYSA-N,,DECOY,0,c1ccc(COc2cccc(Cn3cnc4cncnc43)c2)cc1,train
,Nc1ccccc1S(N)(=O)=O,YAZSBRQTAHVVGE-UHFFFAOYSA-N,,DECOY,0,c1ccccc1,train
,Cn1nc(S(N)(=O)=O)sc1=N,BWSMJWLWXNCHHP-UHFFFAOYSA-N,,DECOY,0,N=c1[nH]ncs1,train
,Nc1nnc(S(N)(=O)=O)s1,VGMVBPQOACUDRU-UHFFFAOYSA-N,,DECOY,0,c1nncs1,train
,Nc1cccc(S(N)(=O)=O)c1,JPVKCHIPRSQDKL-UHFFFAOYSA-N,,DECOY,0,c1ccccc1,train
,CCCC1CCN=C(N)C1,MEFVVPMWEUFYGI-UHFFFAOYSA-N,,DECOY,0,C1=NCCCC1,train
,CC1CCCC(N)=N1,UTJJCBMDCZDYKT-UHFFFAOYSA-N,,DECOY,0,C1=NCCCC1,train
,Nc1ccc(S(N)(=O)=O)cc1I,HCODCRHNVCTCTR-UHFFFAOYSA-N,,DECOY,0,c1ccccc1,train
,Nc1nc(N)c2c([S+]([O-])c3ccc4ccccc4c3)cccc2n1,KXMCHNWKSAWQMW-UHFFFAOYSA-N,,DECOY,0,c1ccc2cc([SH+]c3cccc4ncncc34)ccc2c1,train
,O=C(C(=O)N1CCC[C@H]1C(=O)OCCCc1cccnc1)c1ccccc1,HXTLHHVZELOINL-SFHVURJKSA-N,,DECOY,0,O=C(C(=O)N1CCCC1C(=O)OCCCc1cccnc1)c1ccccc1,train
,O=C(C(=O)N1CCC[C@H]1C(=O)OCCS(=O)(=O)c1ccccc1)c1ccccc1,UZCLXQXFQFMTQU-SFHVURJKSA-N,,DECOY,0,O=C(C(=O)N1CCCC1C(=O)OCCS(=O)(=O)c1ccccc1)c1ccccc1,train
,COc1cccc2c1C[C@@H](CO)NC(=O)[C@H](C(C)C)N2C,GZOGCNNEJTVACM-NHYWBVRUSA-N,,DECOY,0,O=C1CNc2ccccc2CCN1,train
,COc1cccc(CC(=O)O)c1-c1ccc(Cl)cc1,QWOBRMYPJLOXMU-UHFFFAOYSA-N,,DECOY,0,c1ccc(-c2ccccc2)cc1,train
,Nc1nc(O)c2cc([S+]([O-])c3ccc4ccccc4c3)ccc2n1,HSEIXEXKGPZXCJ-UHFFFAOYSA-N,,DECOY,0,c1ccc2cc([SH+]c3ccc4ncncc4c3)ccc2c1,train
,C/C(=C\Cn1oc(=O)[nH]c1=O)c1ccc(OCc2nc(-c3ccc(C(F)(F)F)cc3)oc2C)cc1,FVSXNRBACMJALL-SDNWHVSQSA-N,,DECOY,0,O=c1[nH]c(=O)n(CC=Cc2ccc(OCc3coc(-c4ccccc4)n3)cc2)o1,train
,C/C(=C\Cn1sc(=O)[nH]c1=O)c1cccc(OCc2nc(-c3ccc(C(F)(F)F)cc3)oc2C)c1,RRVRHCAQOOJKLM-GXDHUFHOSA-N,,DECOY,0,O=c1[nH]c(=O)n(CC=Cc2cccc(OCc3coc(-c4ccccc4)n3)c2)s1,train
,CN(C)CCCN1c2ccccc2CCc2ccc(Cl)cc21,GDLIGKIOYRNHDA-UHFFFAOYSA-N,,DECOY,0,c1ccc2c(c1)CCc1ccccc1N2,train
,Nc1nc(O)c2cc(Sc3ccc4ccccc4c3)ccc2n1,DXYSGZNFDLGXPA-UHFFFAOYSA-N,,DECOY,0,c1ccc2cc(Sc3ccc4ncncc4c3)ccc2c1,train
,C[C@@H](N)Cc1c2ccoc2c(C(F)(F)F)c2ccoc12.Cl,OOIFSTYDVQDIPJ-OGFXRTJISA-N,,DECOY,0,c1cc2cc3occc3cc2o1,train
,C[C@H](N)Cc1c2ccoc2c(Br)c2ccoc12.Cl,YDIDKNSMQNPNFC-FJXQXJEOSA-N,,DECOY,0,c1cc2cc3occc3cc2o1,train
,C[C@@H](N)Cc1c2ccoc2c(Br)c2ccoc12.Cl,YDIDKNSMQNPNFC-OGFXRTJISA-N,,DECOY,0,c1cc2cc3occc3cc2o1,train
,CC1CC(N)=NC(C)C1,RRCBYANJUIVMJX-UHFFFAOYSA-N,,DECOY,0,C1=NCCCC1,train
,CCCCCCCCC#Cc1ccc2c(c1OC)C[C@@H](CO)NC(=O)[C@H](C(C)C)N2C,DLMIREIQJNSNMF-URXFXBBRSA-N,,DECOY,0,O=C1CNc2ccccc2CCN1,train
,CC(C)[C@H]1C(=O)N[C@H](CO)Cc2ccccc2N1C,OBEJTRHPRSRHSZ-JSGCOSHPSA-N,,DECOY,0,O=C1CNc2ccccc2CCN1,train
,Fc1ccccc1Cn1cnc2c(NC3CCCC3)ncnc21,AIAFKFDDIPIAOG-UHFFFAOYSA-N,,DECOY,0,c1ccc(Cn2cnc3c(NC4CCCC4)ncnc32)cc1,train
,CCCN(NC(=O)[C@H]1CCCN1C(=O)[C@@H](NC(=O)[C@@H](NC(=O)[C@H](CC(=O)O)NC(=O)[C@H](CCC(=O)O)NC(=O)[C@@H](NC(=O)[C@H](CC(=O)O)NC(C)=O)[C@@H](C)O)C(C)C)C(C)C)C(=O)N[C@@H](CO)C(=O)N[C@@H](CCSC)C(=O)N[C@@H](CO)C(=O)O,RQWJHYFOAMWWSO-FOINILCOSA-N,,DECOY,0,C1CCNC1,train
,CC(=O)c1ccc(N2C(N)=NC(N)=NC2(C)C)cc1,DZCIWZYDWLPKEI-UHFFFAOYSA-N,,DECOY,0,C1=NC=NCN1c1ccccc1,train
,CCOC(=O)c1cccc(N2C(N)=NC(N)=NC2(C)C)c1,KOIZYLPTQAKUHQ-UHFFFAOYSA-N,,DECOY,0,C1=NC=NCN1c1ccccc1,train
,CC(C)CC(=O)C(=O)N1CCC[C@H]1C(=O)OCCS(=O)(=O)c1ccccc1,MWKDWLUBJYUDKU-INIZCTEOSA-N,,DECOY,0,O=C(OCCS(=O)(=O)c1ccccc1)C1CCCN1,train
,CCC1CC(C)c2cc3c(C(F)(F)F)cc(=O)oc3cc2N1,OEPZGYKIBZAXIN-UHFFFAOYSA-N,,DECOY,0,O=c1ccc2cc3c(cc2o1)NCCC3,train
,CC1CCNc2cc3oc(=O)cc(C(F)(F)F)c3cc21,XFVHCXVBLVMUSO-UHFFFAOYSA-N,,DECOY,0,O=c1ccc2cc3c(cc2o1)NCCC3,train
,CN1Cc2c(C(=O)OC(C)(C)C)ncn2-c2ccccc2C1=O,ORGHOMSAOBRFHR-UHFFFAOYSA-N,,DECOY,0,O=C1NCc2cncn2-c2ccccc21,train
,CC1(C)N=C(N)N=C(N)N1c1ccc(C(F)(F)F)cc1,ROTRAHDYGVFVQU-UHFFFAOYSA-N,,DECOY,0,C1=NC=NCN1c1ccccc1,train
,Cc1oc(-c2ccc(Cl)cc2)nc1COc1cccc(/C=C/C(C)n2oc(=O)[nH]c2=O)c1,BOWSPWPPMYIXBS-VOTSOKGWSA-N,,DECOY,0,O=c1[nH]c(=O)n(CC=Cc2cccc(OCc3coc(-c4ccccc4)n3)c2)o1,train
,COc1noc2c1CN(C)CC2.Cl,TUTIKEIKWZZHKM-UHFFFAOYSA-N,,DECOY,0,c1noc2c1CNCC2,train
,CC#CCOc1noc2c1CNCC2.Cl,FFSBYSXQVCTLTA-UHFFFAOYSA-N,,DECOY,0,c1noc2c1CNCC2,train
,C/C(=C\Cn1oc(=O)[nH]c1=O)c1cccc(OCc2nc(-c3ccc(C(F)(F)F)cc3)oc2C)c1,GFWCNBHTRJCSMJ-GXDHUFHOSA-N,,DECOY,0,O=c1[nH]c(=O)n(CC=Cc2cccc(OCc3coc(-c4ccccc4)n3)c2)o1,train
,Cc1cccc(N2C(N)=NC(N)=NC2(C)C)c1,VODVTOKGXQMTDK-UHFFFAOYSA-N,,DECOY,0,C1=NC=NCN1c1ccccc1,train
,CN1Cc2c(C(=O)OC(C)(C)C)ncn2-c2ccc(Cl)cc2C1=O,NLEQOPYBIKKOPK-UHFFFAOYSA-N,,DECOY,0,O=C1NCc2cncn2-c2ccccc21,train
,Cc1ccc(N2C(N)=NC(N)=NC2(C)C)cc1,IVICPTLSOMKNRU-UHFFFAOYSA-N,,DECOY,0,C1=NC=NCN1c1ccccc1,train
,C[C@@H](N)Cc1c2c(c(Br)c3c1OCC3)OCC2.Cl,OOXVNBHFUWKZMY-OGFXRTJISA-N,,DECOY,0,c1c2c(cc3c1OCC3)OCC2,train
,C=C(Br)COc1noc2c1CNCC2.Cl,OHKWDPCVXYOQLZ-UHFFFAOYSA-N,,DECOY,0,c1noc2c1CNCC2,train
,C#CCOc1noc2c1CNCC2.Cl,VEOVHJYFYPNTIP-UHFFFAOYSA-N,,DECOY,0,c1noc2c1CNCC2,train
,C[C@H](N)Cc1c2ccoc2cc2ccoc12.Cl,NEXBRZPFGXOCSI-QRPNPIFTSA-N,,DECOY,0,c1cc2cc3occc3cc2o1,train
,C/C=C/COc1noc2c1CNCC2.Cl,AAKMJFSTMUYOCW-SQQVDAMQSA-N,,DECOY,0,c1noc2c1CNCC2,train
,CC(C)COc1noc2c1CNCC2.Cl,ASLGIQYPFOFVJA-UHFFFAOYSA-N,,DECOY,0,c1noc2c1CNCC2,train
,COc1noc2c1CNCC2.Cl,SCPYRRZFPGLILV-UHFFFAOYSA-N,,DECOY,0,c1noc2c1CNCC2,train
,C[C@@H](N)Cc1c2c(c(C(F)(F)F)c3c1OCC3)OCC2.Cl,DHIOYGIRMDZYNH-OGFXRTJISA-N,,DECOY,0,c1c2c(cc3c1OCC3)OCC2,train
,CCCCCCCCC#Cc1ccc2c(c1)C[C@@H](CO)NC(=O)[C@H](C(C)C)N2C,KDIRIFZBLUSLJU-UPVQGACJSA-N,,DECOY,0,O=C1CNc2ccccc2CCN1,train
,CCC1CC(CC)c2cc3c(C(F)(F)F)cc(=O)oc3cc2N1,FWJAPKPHDLQMKB-UHFFFAOYSA-N,,DECOY,0,O=c1ccc2cc3c(cc2o1)NCCC3,train
,COc1c2occc2cc2ccc(=O)oc12,QXKHYNVANLEOEG-UHFFFAOYSA-N,,DECOY,0,O=c1ccc2cc3ccoc3cc2o1,train
,COc1cccc(-c2ccc(Cl)cc2)c1CC(=O)O,BMRFDTBYGKZEEI-UHFFFAOYSA-N,,DECOY,0,c1ccc(-c2ccccc2)cc1,train
,COc1cccc(N2C(N)=NC(N)=NC2(C)C)c1,IANXQZFGCPHWLQ-UHFFFAOYSA-N,,DECOY,0,C1=NC=NCN1c1ccccc1,train
,CC(C)NCC(O)COc1ccc(CCOCC2CCCC2)cc1,PWUCBVLHDKLBIN-UHFFFAOYSA-N,,DECOY,0,c1ccc(CCOCC2CCCC2)cc1,train
,COC(=O)c1ncn2c1CN(C)C(=O)c1cc(Cl)ccc1-2,IHXVYWCHHKBREE-UHFFFAOYSA-N,,DECOY,0,O=C1NCc2cncn2-c2ccccc21,train
,COC(=O)c1ncn2c1CN(C)C(=O)c1ccccc1-2,QZZWDAILXQWHAG-UHFFFAOYSA-N,,DECOY,0,O=C1NCc2cncn2-c2ccccc21,train
,COc1c2occc2c(CN(CCO)CCO)c2ccc(=O)oc12.Cl,VAMZYPJVBVWJAX-UHFFFAOYSA-N,,DECOY,0,O=c1ccc2cc3ccoc3cc2o1,train
,CC1(C)N=C(N)N=C(N)N1c1cccc(OCc2ccc(Cl)c(Cl)c2)c1,KLTBXEYFWQXDEU-UHFFFAOYSA-N,,DECOY,0,C1=NC=NCN1c1cccc(OCc2ccccc2)c1,train
,CC(C)(C)c1ccc(N2C(N)=NC(N)=NC2(C)C)cc1,VBVURTIHSKZQNP-UHFFFAOYSA-N,,DECOY,0,C1=NC=NCN1c1ccccc1,train
,CC(CCc1ccc(F)cc1)NCC(O)COc1ccc(CCOCC2CCC2)cc1,CGLAXSYMFVYKRL-UHFFFAOYSA-N,,DECOY,0,c1ccc(CCCNCCCOc2ccc(CCOCC3CCC3)cc2)cc1,train
,NS(=O)(=O)c1cccc2cccnc12,ZTYZEUXZHGOXRT-UHFFFAOYSA-N,,DECOY,0,c1ccc2ncccc2c1,train
,Fc1ccccc1Cn1cnc2c(NC3CCC3)ncnc21,JCGIVJVGPNYBSO-UHFFFAOYSA-N,,DECOY,0,c1ccc(Cn2cnc3c(NC4CCC4)ncnc32)cc1,train
,CC1(C)N=C(N)N=C(N)N1c1cccc(OCCCCOc2cccc(C(F)(F)F)c2)c1,MMMVJJCCSPZNKF-UHFFFAOYSA-N,,DECOY,0,C1=NC=NCN1c1cccc(OCCCCOc2ccccc2)c1,train
,Cc1oc2c(C)c3oc(=O)cc(C)c3cc2c1CNCCO,GEUFHXIJTOGPOA-UHFFFAOYSA-N,,DECOY,0,O=c1ccc2cc3ccoc3cc2o1,train
,CCCOc1noc2c1CNCC2.Cl,VWGWXSCTVZCITH-UHFFFAOYSA-N,,DECOY,0,c1noc2c1CNCC2,train
,CC(C)Oc1noc2c1CNCC2.Cl,MLYAUOKINLUHRK-UHFFFAOYSA-N,,DECOY,0,c1noc2c1CNCC2,train
,NS(=O)(=O)c1cc(Cl)c(Cl)c(S(N)(=O)=O)c1,GJQPMPFPNINLKP-UHFFFAOYSA-N,,DECOY,0,c1ccccc1,train
,COc1ccc(N2C(N)=NC(N)=NC2(C)C)cc1,KLCSZLKQTXQCTD-UHFFFAOYSA-N,,DECOY,0,C1=NC=NCN1c1ccccc1,train
,C[C@H](N)Cc1c2c(c(Br)c3c1OCC3)OCC2.Cl,OOXVNBHFUWKZMY-FJXQXJEOSA-N,,DECOY,0,c1c2c(cc3c1OCC3)OCC2,train
,COc1cc(C(F)(F)F)c(OC)cc1CC(C)N,WPGOTSORDNBMHP-UHFFFAOYSA-N,,DECOY,0,c1ccccc1,train
,COc1cc(CC(C)N)c(OC)cc1Br,FXMWUTGUCAKGQL-UHFFFAOYSA-N,,DECOY,0,c1ccccc1,train
,COc1ccc(CC(=O)O)cc1-c1ccc(Cl)cc1,HOSXFBPAUOSEAP-UHFFFAOYSA-N,,DECOY,0,c1ccc(-c2ccccc2)cc1,train
,NC1=NC(C(F)(F)F)CCC1,RZKJKWXGHDDBCK-UHFFFAOYSA-N,,DECOY,0,C1=NCCCC1,train
,CC1(C)N=C(N)N=C(N)N1c1cccc(C#N)c1,NCLZDLNUFXETQQ-UHFFFAOYSA-N,,DECOY,0,C1=NC=NCN1c1ccccc1,train
,CCCCOc1noc2c1CNCC2.Cl,VBPWSRUTFRJWCK-UHFFFAOYSA-N,,DECOY,0,c1noc2c1CNCC2,train
,CCOc1noc2c1CNCC2.Cl,DGMPKWQBFSQOEW-UHFFFAOYSA-N,,DECOY,0,c1noc2c1CNCC2,train
,CCCN(NC(=O)[C@H]1CCCN1C(=O)[C@@H](NC(=O)[C@@H](NC(=O)[C@H](CC(=O)O)NC(=O)[C@H](CCC(=O)O)NC(=O)[C@@H](NC(=O)[C@H](CC(=O)O)NC(C)=O)[C@@H](C)O)C(C)C)C(C)C)C(=O)OCc1ccccc1,ZTXWMSHQWBOWEF-WSLMXDOOSA-N,,DECOY,0,O=C(NNC(=O)C1CCCN1)OCc1ccccc1,train
,CCCN(NC(=O)[C@H]1CCCN1C(=O)[C@@H](NC(=O)[C@@H](NC(=O)[C@H](CC(=O)O)NC(=O)[C@H](CCC(=O)O)NC(=O)[C@@H](NC(=O)[C@H](CC(=O)O)NC(C)=O)[C@@H](C)O)C(C)C)C(C)C)C(=O)OCc1ccc([N+](=O)[O-])cc1,RLVGAUVBYHQYKU-OAHAANARSA-N,,DECOY,0,O=C(NNC(=O)C1CCCN1)OCc1ccccc1,train
,CN1Cc2c(C(=O)OC(C)(C)C)ncn2-c2ccc(Br)cc2C1=O,IXGIOXIKQZCZIK-UHFFFAOYSA-N,,DECOY,0,O=C1NCc2cncn2-c2ccccc21,train
,CN1Cc2c(C(=O)OCCC(C)(C)C)ncn2-c2ccc(Cl)cc2C1=O,HCGNYNLDOTYJGS-UHFFFAOYSA-N,,DECOY,0,O=C1NCc2cncn2-c2ccccc21,train
,COc1ccc(CC(=O)O)c(-c2ccc(Cl)cc2)c1,LFULLDHQIIJCGN-UHFFFAOYSA-N,,DECOY,0,c1ccc(-c2ccccc2)cc1,train
,COc1cc(-c2ccc(Cl)cc2)ccc1CC(=O)O,MWSAFGVWIYCCAF-UHFFFAOYSA-N,,DECOY,0,c1ccc(-c2ccccc2)cc1,train
,C=C1[C@@H](OC(=O)/C=C/c2ccccc2)CC[C@@]2(C)[C@@H](O)[C@H](O)C3=C(C)C(=O)C[C@@H]([C@@H](OC(C)=O)[C@H]12)C3(C)C,VINWCUNFNJBSQA-IRZWYNESSA-N,,DECOY,0,C=C1C(OC(=O)C=Cc2ccccc2)CCC2CCC3=CC(=O)CC(C3)CC12,train
,COc1ccc(-c2ccc(Cl)cc2)cc1CC(=O)O,XJQBKQUXUQRYJO-UHFFFAOYSA-N,,DECOY,0,c1ccc(-c2ccccc2)cc1,train
,COc1c2occc2c(CN(C)C)c2ccc(=O)oc12.Cl,ATNDXVOFIWJDGT-UHFFFAOYSA-N,,DECOY,0,O=c1ccc2cc3ccoc3cc2o1,train
,Nc1ccc(S(N)(=O)=O)cc1Br,KQEVQYJWCZRLTJ-UHFFFAOYSA-N,,DECOY,0,c1ccccc1,train
,Nc1ccc(S(N)(=O)=O)cc1F,HVFBADWBKHAPKV-UHFFFAOYSA-N,,DECOY,0,c1ccccc1,train
,CC(CN1CCCCC1)OC(=O)C1CCCCN1C(=O)C(=O)C(C)(C)C,PCLCTMUJJXNFHF-UHFFFAOYSA-N,,DECOY,0,O=C(OCCN1CCCCC1)C1CCCCN1,train
,COc1c(CC(=O)O)cccc1-c1ccc(Cl)cc1,JVGIKDMRIDPNHJ-UHFFFAOYSA-N,,DECOY,0,c1ccc(-c2ccccc2)cc1,train
,Nc1nc(N)c2c(S(=O)(=O)c3ccc4ccccc4c3)cccc2n1,GVFOXCQJLIDWKA-UHFFFAOYSA-N,,DECOY,0,O=S(=O)(c1ccc2ccccc2c1)c1cccc2ncncc12,train
,COc1c2occc2c(C[N+](C)(C)C)c2ccc(=O)oc12.[Cl-],YPTFGKOPDLNCLQ-UHFFFAOYSA-M,,DECOY,0,O=c1ccc2cc3ccoc3cc2o1,train
,CC(CCc1ccccc1)NCC(O)COc1ccc(CCOCC2CCC2)cc1,IYSSLVYNZYSAIT-UHFFFAOYSA-N,,DECOY,0,c1ccc(CCCNCCCOc2ccc(CCOCC3CCC3)cc2)cc1,train
,CC(CN1CCCCC1)OC(=O)[C@@H]1CCCN1C(=O)C(=O)c1ccccc1,ILUNHFJNZYNQAL-DAFXYXGESA-N,,DECOY,0,O=C(C(=O)N1CCCC1C(=O)OCCN1CCCCC1)c1ccccc1,train
,CC(=O)/N=c1/sc(S(N)(=O)=O)nn1C,FLOSMHQXBMRNHR-QPJJXVBHSA-N,,DECOY,0,N=c1[nH]ncs1,train
,CC(=O)Nc1nnc(S(N)(=O)=O)s1,BZKPWHYZMXOIDC-UHFFFAOYSA-N,,DECOY,0,c1nncs1,train
,CC1(C)CCN=C(N)C1,XVBNDSQIBBHCMM-UHFFFAOYSA-N,,DECOY,0,C1=NCCCC1,train
,Nc1ncnc2ccc(Sc3ccc4ccccc4c3)cc12,KFJVAFVCJWGTOS-UHFFFAOYSA-N,,DECOY,0,c1ccc2cc(Sc3ccc4ncncc4c3)ccc2c1,train
,CC1(C)N=C(N)N=C(N)N1c1cccc(OCCOc2ccccc2)c1,FLSFYHOJHGHMRO-UHFFFAOYSA-N,,DECOY,0,C1=NC=NCN1c1cccc(OCCOc2ccccc2)c1,train
,C/C(=C\Cn1oc(=O)[nH]c1=O)c1ccc(OCCc2nc(-c3ccc(C(F)(F)F)cc3)oc2C)cc1,DTCVPDIPNHNHBR-RVDMUPIBSA-N,,DECOY,0,O=c1[nH]c(=O)n(CC=Cc2ccc(OCCc3coc(-c4ccccc4)n3)cc2)o1,train
,Nc1cc(C(F)(F)F)c(S(N)(=O)=O)cc1S(N)(=O)=O,KRVABEGPNKGLOT-UHFFFAOYSA-N,,DECOY,0,c1ccccc1,train
